Workbook

Sheet Gen CP
A1: Republic of the Phillipines
A2: Region III
A3: Schools Division of Nueva Ecija
A4: Schools Division of Nueva Ecija
A5: Sagaba, Sto. Domingo, Nueva Ecija
A7: GRADE 11 SHS GENERAL CLASS SCHEDULE
A8: First Semester S.Y. 2024-2025
Q9: GRADE 11 | AF9: GRADE 12
A10: TIME | B10: STEM | C10: HumSS A | D10: HumSS B | E10: HumSS C | F10: HumSS D | G10: HumSS E | H10: AGRI | I10: INDUSTRIAL ARTS | J10: ICT | K10: GAS | L10: H.E. | M10: International
B11: Hierco M | C11: R Coronel | D11: Sagnip M | E11: R.Estrella | F11: Aguilar EM | G11: Mamaid MC | H11: D Reyes | I11: AJD Almazan | J11: Guerrero LG | K11: Valdez R | L11: Maniquiz T | M11: Lorenzana C
B12: 11B | C12: 14B | D12: 6B | E12: 2B | F12: 5B | G12: 13B | H12: 8B | I12: 5A | J12: 14A | K12: 13A | L12: 4B
B13: Teacher A | D13: Teacher E | I13: C Lorenzo | K13: R Crisostomo | L13: Teacher B
A14: 7:00-7:20 | B14: FLAG CEREMONY/ROOM and GROUND IMPROVEMENT
A15: 7:20-8:10 | B15: Earth Science | C15: MIL | D15: Oral Com | E15: UCSP | F15: Kom Pan | G15: UCSP | H15: Agri-Crops NC II | I15: Earth & Life | J15: Emp Tech | K15: UCSP | L15: Food and Beverage | AY15: Loads
B16: Hierco M | C16: Coronel R | D16: Sagnip M | E16: Estrella R | F16: Aguilar EM | G16: Mamaid MC | H16: Reyes D | I16: Almazan AD | J16: Guerrero LG | K16: Valdez R | L16: Maniquiz T | N16: Crisostomo R | Q16: =B16 -> Hierco M | R16: =C16 -> Coronel R | S16: =D16 -> Sagnip M | T16: =E16 -> Estrella R | U16: =F16 -> Aguilar EM | V16: =G16 -> Mamaid MC | W16: =H16 -> Reyes D | X16: =I16 -> Almazan AD | ... AE16: =P16 -> 0 | AF16: =B59 -> Bartolome H | AG16: =C59 -> Orgil E | AH16: =D59 -> Sarmiento F | AI16: =E59 -> Almadin H | AJ16: =F59 -> Pascua I | AK16: =G59 -> Tamondong A | AL16: =H59 -> De Leon I | AM16: =I59 -> Mercado R | ... AT16: =P59 -> 0 | AX16: =Old!B3 -> Aguilar EM | AY16: =COUNTIF(Q$16:AT$35,"Aguilar EM") -> 7
A17: 8:10-9:00 | B17: Pre-Calculus | C17: Kom Pan | D17: UCSP | E17: Oral Com | F17: 21st Cen Lit | G17: Earth & Life | H17: Agri-Crops NC II | I17: Oral Com | J17: Gen Math | K17: Earth & Life | L17: Food and Beverage | AX17: =Old!B4 -> Almadin H | AY17: =COUNTIF(Q$16:AT$35,"Almadin H") -> 7
B18: Lorenzana C | C18: Aguilar EM | D18: Estrella R | E18: Sagnip M | F18: Crisostomo R | G18: Almazan AD | H18: Reyes D | I18: Tamondong A | J18: Domingo V | K18: Marcelo OJ | L18: Maniquiz T | N18: Bartolome H | Q18: =B18 -> Lorenzana C | R18: =C18 -> Aguilar EM | S18: =D18 -> Estrella R | T18: =E18 -> Sagnip M | U18: =F18 -> Crisostomo R | V18: =G18 -> Almazan AD | W18: =H18 -> Reyes D | X18: =I18 -> Tamondong A | ... AE18: =P18 -> 0 | AF18: =B61 -> Orgil E | AG18: =C61 -> Lorenzo C | AH18: =D61 -> Almadin H | AI18: =E61 -> Gardoce J | AJ18: =F61 -> Hierco M | AK18: =G61 -> Carillo R | AL18: =H61 -> Valdez R | AM18: =I61 -> Mercado R | ... AT18: =P61 -> 0 | AX18: =Old!B5 -> Almazan AD | AY18: =COUNTIF(Q$16:AT$35,"Almazan AD") -> 7
A19: 9:00-9:30 | B19: RECESS | AX19: =Old!B6 -> Bartolome H | AY19: =COUNTIF(Q$16:AT$35,"Bartolome H") -> 7
A20: 9:30-10:20 | B20: Gen Math | C20: 21st Cen Lit | D20: Kom Pan | E20: Earth & Life | F20: Oral Com | G20: MIL | H20: UCSP | I20: SMAW NC I | J20: CSS | K20: Gen Math | L20: Earth & Life | AX20: =Old!B7 -> Carillo R | AY20: =COUNTIF(Q$16:AT$35,"Carillo R") -> 7
B21: Lorenzana C | C21: Crisostomo R | D21: Aguilar EM | E21: Almazan AD | F21: Sagnip M | G21: Coronel R | H21: Estrella R | I21: Sarmiento F | J21: Mercado R | K21: Domingo V | L21: Marcelo OJ | N21: Orgil E | Q21: =B21 -> Lorenzana C | R21: =C21 -> Crisostomo R | S21: =D21 -> Aguilar EM | T21: =E21 -> Almazan AD | U21: =F21 -> Sagnip M | V21: =G21 -> Coronel R | W21: =H21 -> Estrella R | X21: =I21 -> Sarmiento F | ... AE21: =P21 -> 0 | AF21: =B64 -> De Leon I | AG21: =C64 -> Tamondong A | AH21: =D64 -> Lorenzo C | AI21: =E64 -> Hierco M | AJ21: =F64 -> Gardoce J | AK21: =G64 -> Carillo R | AL21: =H64 -> Pascua I | AM21: =I64 -> Bartolome H | ... AT21: =P64 -> 0 | AX21: =Old!B8 -> Coronel R | AY21: =COUNTIF(Q$16:AT$35,"Coronel R") -> 7
A22: 10:20-11:10 | B22: UCSP | C22: Gen Math | D22: 21st Cen Lit | E22: MIL | F22: Gen Math | G22: Emp Tech | H22: Earth & Life | I22: SMAW NC I | J22: CSS | K22: Kom Pan | L22: Oral Com | AX22: =Old!B9 -> Crisostomo R | AY22: =COUNTIF(Q$16:AT$35,"Crisostomo R") -> 7
B23: Estrella R | C23: Lorenzana C | D23: Crisostomo R | E23: Coronel R | F23: Domingo V | G23: Reyes D | H23: Almazan AD | I23: Sarmiento F | J23: Mercado R | K23: Aguilar EM | L23: Sagnip M | N23: De Leon I | Q23: =B23 -> Estrella R | R23: =C23 -> Lorenzana C | S23: =D23 -> Crisostomo R | T23: =E23 -> Coronel R | U23: =F23 -> Domingo V | V23: =G23 -> Reyes D | W23: =H23 -> Almazan AD | X23: =I23 -> Sarmiento F | ... AE23: =P23 -> 0 | AF23: =B66 -> Hierco M | AG23: =C66 -> Marcelo OJ | AH23: =D66 -> Bartolome H | AI23: =E66 -> Lorenzo C | AJ23: =F66 -> Almadin H | AK23: =G66 -> Carillo R | AL23: =H66 -> Orgil E | AM23: =I66 -> Valdez R | ... AT23: =P66 -> 0 | AX23: =Old!B10 -> De Leon I | AY23: =COUNTIF(Q$16:AT$35,"De Leon I") -> 5
A24: 11:10-12:00 | B24: Chemistry 1 | C24: UCSP | D24: Emp Tech | E24: 21st Cen Lit | F24: Earth & Life | G24: Oral Com | H24: Gen Math | I24: Kom Pan | J24: Oral Com | K24: Creative Writing | L24: Gen Math | AX24: =Old!B11 -> Domingo V | AY24: =COUNTIF(Q$16:AT$35,"Domingo V") -> 7
B25: Orgil E | C25: Estrella R | D25: Reyes D | E25: Crisostomo R | F25: Marcelo OJ | G25: Sagnip M | H25: Domingo V | I25: Pascua I | J25: Coronel R | K25: Sarmiento F | L25: Lorenzana C | Q25: =B25 -> Orgil E | R25: =C25 -> Estrella R | S25: =D25 -> Reyes D | T25: =E25 -> Crisostomo R | U25: =F25 -> Marcelo OJ | V25: =G25 -> Sagnip M | W25: =H25 -> Domingo V | X25: =I25 -> Pascua I | ... AE25: =P25 -> 0 | AF25: =B68 -> Lorenzo C | AG25: =C68 -> De Leon I | AH25: =D68 -> Tamondong A | AI25: =E68 -> Carillo R | AJ25: =F68 -> Bartolome H | AK25: =G68 -> Maniquiz T | AL25: =H68 -> Valdez R | AM25: =I68 -> Hierco M | ... AT25: =P68 -> 0 | AX25: =Old!B12 -> Estrella R | AY25: =COUNTIF(Q$16:AT$35,"Estrella R") -> 7
A26: 12:00-1:00 | B26: LUNCH | AX26: =Old!B13 -> Gardoce J | AY26: =COUNTIF(Q$16:AT$35,"Gardoce J") -> 7
A27: 1:00-1:50 | B27: Kom Pan | C27: Earth & Life | D27: MIL | E27: Emp Tech | F27: Emp Tech | G27: Gen Math | H27: Oral Com | I27: Emp Tech | J27: Earth & Life | K27: Organ Man | L27: Kom Pan | AX27: =Old!B14 -> Guerrero LG | AY27: =COUNTIF(Q$16:AT$35,"Guerrero LG") -> 4
B28: Aguilar EM | C28: Marcelo OJ | D28: Coronel R | E28: Reyes D | F28: Mercado R | G28: Domingo V | H28: Sagnip M | I28: Guerrero LG | J28: Almazan AD | K28: Almadin H | L28: Pascua I | N28: Orgil E | Q28: =B28 -> Aguilar EM | R28: =C28 -> Marcelo OJ | S28: =D28 -> Coronel R | T28: =E28 -> Reyes D | U28: =F28 -> Mercado R | V28: =G28 -> Domingo V | W28: =H28 -> Sagnip M | X28: =I28 -> Guerrero LG | ... AE28: =P28 -> 0 | AF28: =B71 -> Sarmiento F | AG28: =C71 -> Gardoce J | AH28: =D71 -> Carillo R | AI28: =E71 -> Tamondong A | AJ28: =F71 -> Mamaid MC | AK28: =G71 -> Lorenzo C | AL28: =H71 -> Bartolome H | AM28: =I71 -> De Leon I | ... AT28: =P71 -> 0 | AX28: =Old!B15 -> Hierco M | AY28: =COUNTIF(Q$16:AT$35,"Hierco M") -> 7
A29: 1:50-2:40 | B29: Emp Tech | C29: Emp Tech | D29: Earth & Life | E29: Gen Math | F29: MIL | G29: Kom Pan | H29: Kom Pan | I29: UCSP | J29: UCSP | K29: Oral Com | L29: Emp Tech | AX29: =Old!B16 -> Lorenzana C | AY29: =COUNTIF(Q$16:AT$35,"Lorenzana C") -> 6
B30: Mercado R | C30: Guerrero LG | D30: Almazan AD | E30: Lorenzana C | F30: Coronel R | G30: Pascua I | H30: Aguilar EM | I30: Mamaid MC | J30: Estrella R | K30: Tamondong A | L30: Reyes D | N30: Hierco M | Q30: =B30 -> Mercado R | R30: =C30 -> Guerrero LG | S30: =D30 -> Almazan AD | T30: =E30 -> Lorenzana C | U30: =F30 -> Coronel R | V30: =G30 -> Pascua I | W30: =H30 -> Aguilar EM | X30: =I30 -> Mamaid MC | ... AE30: =P30 -> 0 | AF30: =B73 -> Crisostomo R | AG30: =C73 -> Almadin H | AH30: =D73 -> Gardoce J | AI30: =E73 -> Marcelo OJ | AJ30: =F73 -> Carillo R | AK30: =G73 -> Valdez R | AL30: =H73 -> Sarmiento F | AM30: =I73 -> Lorenzo C | ... AT30: =P73 -> 0 | AX30: =Old!B17 -> Lorenzo C | AY30: =COUNTIF(Q$16:AT$35,"Lorenzo C") -> 7
A31: 2:40-3:10 | AX31: =Old!B18 -> Mamaid MC | AY31: =COUNTIF(Q$16:AT$35,"Mamaid MC") -> 7
A32: 3:00-4:00 3:10-4:00 | B32: Oral Com | C32: Oral Com | D32: Gen Math | E32: Kom Pan | F32: UCSP | G32: 21st Cen Lit | H32: Emp Tech | I32: Gen Math | J32: Kom Pan | K32: Emp Tech | L32: UCSP | AX32: =Old!B19 -> Maniquiz T | AY32: =COUNTIF(Q$16:AT$35,"Maniquiz T") -> 6
B33: Coronel R | C33: Sagnip M | D33: Lorenzana C | E33: Aguilar EM | F33: Estrella R | G33: Crisostomo R | H33: Reyes D | I33: Almazan AD | J33: Pascua I | K33: Mercado R | L33: Mamaid MC | N33: Domingo V | Q33: =B33 -> Coronel R | R33: =C33 -> Sagnip M | S33: =D33 -> Lorenzana C | T33: =E33 -> Aguilar EM | U33: =F33 -> Estrella R | V33: =G33 -> Crisostomo R | W33: =H33 -> Reyes D | X33: =I33 -> Almazan AD | ... AE33: =P33 -> 0 | AF33: =B76 -> Orgil E | AG33: =C76 -> Carillo R | AH33: =D76 -> Hierco M | AI33: =E76 -> Guerrero LG | AJ33: =F76 -> Tamondong A | AK33: =G76 -> Gardoce J | AL33: =H76 -> Sarmiento F | AM33: =I76 -> Almadin H | ... AT33: =P76 -> 0 | AX33: =Old!B20 -> Marcelo OJ | AY33: =COUNTIF(Q$16:AT$35,"Marcelo OJ") -> 7
A34: P.E. & Health | B34: P.E. and Health | C34: P.E. and Health | D34: P.E. and Health | E34: P.E. and Health | F34: P.E. and Health | G34: P.E. and Health | H34: P.E. and Health | I34: P.E. and Health | J34: P.E. and Health | K34: P.E. and Health | L34: P.E. and Health | AX34: =Old!B21 -> Mercado R | AY34: =COUNTIF(Q$16:AT$35,"Mercado R") -> 7
B35: LG Guerrero | C35: LG Guerrero | D35: LG Guerrero | E35: LG Guerrero | F35: LG Guerrero | G35: LG Guerrero | H35: LG Guerrero | I35: LG Guerrero | J35: LG Guerrero | K35: LG Guerrero | L35: LG Guerrero | Q35: =B35 -> LG Guerrero | R35: =C35 -> LG Guerrero | S35: =D35 -> LG Guerrero | T35: =E35 -> LG Guerrero | U35: =F35 -> LG Guerrero | V35: =G35 -> LG Guerrero | W35: =H35 -> LG Guerrero | X35: =I35 -> LG Guerrero | ... AE35: =P35 -> 0 | AF35: =B78 -> I De Leon | AG35: =C78 -> I De Leon | AH35: =D78 -> I De Leon | AI35: =E78 -> I De Leon | AJ35: =F78 -> I De Leon | AK35: =G78 -> I De Leon | AL35: =H78 -> I De Leon | AM35: =I78 -> LG Guerrero | ... AT35: =P78 -> 0 | AX35: =Old!B22 -> Orgil E | AY35: =COUNTIF(Q$16:AT$35,"Orgil E") -> 7
A36: Teaching Loads | B36: =AY28 -> 7 | C36: =AY21 -> 7 | D36: =AY38 -> 7 | E36: =AY25 -> 7 | F36: =AY16 -> 7 | G36: =AY31 -> 7 | H36: =AY37 -> 7 | I36: =AY18 -> 7 | J36: =AY27 -> 4 | K36: =AY41 -> 7 | L36: =AY32 -> 6 | M36: =AY29 -> 6 | AX36: =Old!B23 -> Pascua I | AY36: =COUNTIF(Q$16:AT$35,"Pascua I") -> 7
B37: =AY42 -> 0 | J37: 11 | K37: =AY22 -> 7 | L37: =AY43 -> 0 | AX37: =Old!B24 -> Reyes D | AY37: =COUNTIF(Q$16:AT$35,"Reyes D") -> 7
A38: HGP* See Class Schedule | AX38: =Old!B25 -> Sagnip M | AY38: =COUNTIF(Q$16:AT$35,"Sagnip M") -> 7
A39: Prepared by: | G39: Checked by: | M39: Approved by: | AX39: =Old!B26 -> Sarmiento F | AY39: =COUNTIF(Q$16:AT$35,"Sarmiento F") -> 7
AX40: =Old!B27 -> Tamondong A | AY40: =COUNTIF(Q$16:AT$35,"Tamondong A") -> 7
AX41: =Old!B28 -> Valdez R | AY41: =COUNTIF(Q$16:AT$35,"Valdez R") -> 7
A42: CRISTITUTO P. LORENZANA | H42: MELANIE J. YAMBOT | N42: AURORA T. AGUILA | AX42: =Old!B29 -> Teacher A | AY42: =COUNTIF(Q$16:AT$35,"Teacher A") -> 0
A43: SHS Teacher III | H43: OIC Assistant Principal II | N43: School Principal IV | AX43: =Old!B30 -> Teacher B | AY43: =COUNTIF(Q$16:AT$35,"Teacher B") -> 0
A44: Republic of the Phillipines | AX44: =Old!B31 -> Teacher C | AY44: =COUNTIF(Q$16:AT$35,"Teacher C") -> 0
A45: Region III | AX45: =Old!B32 -> Teacher D | AY45: =COUNTIF(Q$16:AT$35,"Teacher D") -> 0
A46: Schools Division of Nueva Ecija | AX46: =Old!B33 -> Teacher E | AY46: =COUNTIF(Q$16:AT$35,"Teacher E") -> 0
A47: JULIA ORTIZ LUIS NATIONAL HIGH SCHOOL | AX47: =Old!B34 -> I De Leon | AY47: =COUNTIF(Q$16:AT$35,"Teacher B") -> 0
A48: Sagaba, Sto. Domingo, Nueva Ecija | AX48: =Old!B35 -> LG Guerrero | AY48: =COUNTIF(Q$16:AT$35,"A Sumait") -> 0
AX49: =Old!B36 -> 0 | AY49: =COUNTIF(Q$16:AT$35,"A Sumait") -> 0
A50: GRADE 12 SHS GENERAL CLASS SCHEDULE | AX50: =Old!B37 -> 0 | AY50: =COUNTIF(Q$16:AT$35,"A Sumait") -> 0
A51: =A8 -> First Semester S.Y. 2024-2025 | AX51: =Old!B38 -> 0 | AY51: =COUNTIF(Q$16:AT$35,"D Reyes") -> 0
AX52: =Old!B39 -> 0 | AY52: =COUNTIF(Q$16:AT$35,"J Gardoce") -> 0
A53: TIME | B53: STEM | C53: HumSS A | D53: HumSS B | E53: HumSS C | F53: HumSS D | G53: AGRICULTURE | H53: INDUSTRIAL ARTS | I53: ICT | J53: GAS | K53: H.E. | AX53: =Old!B40 -> 0 | AY53: =COUNTIF(Q$16:AT$35,"F Sarmiento") -> 0
B54: H.Bartolome | C54: E.Orgil | D54: Sarmiento F | E54: Almadin H | F54: Pascua I | G54: Carillo R | H54: De Leon I | I54: Mercado R | J54: Domingo V | K54: Gardoce J | AX54: =Old!B41 -> 0 | AY54: =COUNTIF(Q$16:AT$35,"H Almadin") -> 0
B55: 3B | C55: 15A | D55: 15B | E55: 12B | F55: 10B | G55: AGRI Lab | H55: 7B | I55: COM Lab | J55: 9B | K55: 1B | AX55: =Old!B42 -> 0 | AY55: =COUNTIF(Q$16:AT$35,"A Sumait") -> 0
B56: Teacher X | C56: Teacher C | G56: A Tamondong | H56: Teacher D | J56: OJ Marcelo
A57: 7:00-7:20 | B57: FLAG CEREMONY/ROOM and GROUND IMPROVEMENT | AX57: =Old!B43 -> 0 | AY57: =COUNTIF(Q$16:AT$35,"A Sumait") -> 0
A58: 7:20-8:10 | B58: Research 2 | C58: Philo | D58: Philo | E58: PPG | F58: Piling Larang | G58: Philo | H58: CPAR | I58: CSS | J58: Research 2 | K58: CPAR | AX58: =Old!B44 -> 0 | AY58: =COUNTIF(Q$16:AT$35,"E Sebastian") -> 0
B59: Bartolome H | C59: Orgil E | D59: Sarmiento F | E59: Almadin H | F59: Pascua I | G59: Tamondong A | H59: De Leon I | I59: Mercado R | J59: Marcelo OJ | K59: Gardoce J | AX59: =Old!B45 -> 0 | AY59: =COUNTIF(Q$16:AT$35,"Teacher X") -> 0
A60: 8:10-9:00 | B60: Philo | C60: Piling Larang | D60: PPG | E60: DIASS | F60: CPAR | G60: Agri-Crops NC II | H60: MIL | I60: CSS | J60: Bread and Pastry | K60: Piling Larang | AX60: =Old!B46 -> 0 | AY60: =COUNTIF(Q$16:AT$35,"RY Mariano") -> 0
B61: Orgil E | C61: Lorenzo C | D61: Almadin H | E61: Gardoce J | F61: Hierco M | G61: Carillo R | H61: Valdez R | I61: Mercado R | J61: Maniquiz T | K61: Pascua I
A62: 9:00-9:30 | B62: RECESS
A63: 9:30-10:20 | B63: CPAR | C63: Creative Non-Fiction | D63: Piling Larang | E63: CPAR | F63: DIASS | G63: Agri-Crops NC II | H63: Piling Larang | I63: Research 2 | J63: MIL | K63: 21st Cen Lit
B64: De Leon I | C64: Tamondong A | D64: Lorenzo C | E64: Hierco M | F64: Gardoce J | G64: Carillo R | H64: Pascua I | I64: Bartolome H | J64: Mamaid MC | K64: Valdez R
A65: 10:20-11:10 | B65: Biology 1 | C65: Research 2 | D65: Research 2 | E65: Piling Larang | F65: PPG | G65: Research 2 | H65: Philo | I65: 21st Cen Lit | J65: CPAR | K65: MIL
B66: Hierco M | C66: Marcelo OJ | D66: Bartolome H | E66: Lorenzo C | F66: Almadin H | G66: Carillo R | H66: Orgil E | I66: Valdez R | J66: Gardoce J | K66: Mamaid MC
A67: 11:10-12:00 | B67: Piling Larang | C67: CPAR | D67: Creative Non-Fiction | E67: World Religions | F67: Research 2 | G67: 21st Cen Lit | H67: 21st Cen Lit | I67: CPAR | J67: PPG | K67: Philo
B68: Lorenzo C | C68: De Leon I | D68: Tamondong A | E68: Carillo R | F68: Bartolome H | G68: Maniquiz T | H68: Valdez R | I68: Hierco M | J68: Almadin H | K68: Mamaid MC
A69: 12:00-1:00 | B69: LUNCH
A70: 1:00-1:50 | B70: MIL | C70: DIASS | D70: World Religions | E70: Creative Non-Fiction | F70: Philo | G70: Piling Larang | H70: Research 2 | I70: MIL | J70: 21st Cen Lit | K70: Cookery
B71: Sarmiento F | C71: Gardoce J | D71: Carillo R | E71: Tamondong A | F71: Mamaid MC | G71: Lorenzo C | H71: Bartolome H | I71: De Leon I | J71: Valdez R | K71: Maniquiz T
A72: 1:50-2:40 2:10-3:00 | B72: 21st Cen Lit | C72: PPG | D72: DIASS | E72: Research 2 | F72: World Religions | G72: MIL | H72: SMAW NC II | I72: Piling Larang | J72: Philo | K72: Cookery
B73: Crisostomo R | C73: Almadin H | D73: Gardoce J | E73: Marcelo OJ | F73: Carillo R | G73: Valdez R | H73: Sarmiento F | I73: Lorenzo C | J73: Domingo V | K73: Maniquiz T
A74: 2:40-3:10 | B74: RECESS
A75: 3:10-4:00 | B75: Physics 1 | C75: World Religions | D75: CPAR | E75: Philo | F75: Creative Non-Fiction | G75: CPAR | H75: SMAW NC II | I75: Philo | J75: Piling Larang | K75: Research 2
B76: Orgil E | C76: Carillo R | D76: Hierco M | E76: Guerrero LG | F76: Tamondong A | G76: Gardoce J | H76: Sarmiento F | I76: Almadin H | J76: Lorenzo C | K76: Bartolome H
A77: P.E. & Health | B77: P.E. and Health | C77: P.E. and Health | D77: P.E. and Health | E77: P.E. and Health | F77: P.E. and Health | G77: P.E. and Health | H77: P.E. and Health | I77: P.E. and Health | J77: P.E. and Health | K77: P.E. and Health
B78: I De Leon | C78: I De Leon | D78: I De Leon | E78: I De Leon | F78: I De Leon | G78: I De Leon | H78: I De Leon | I78: LG Guerrero | J78: LG Guerrero | K78: I De Leon
A79: Teaching Loads | B79: =AY19 -> 7 | C79: =AY35 -> 7 | D79: =AY39 -> 7 | E79: =AY17 -> 7 | F79: =AY36 -> 7 | G79: =AY20 -> 7 | H79: =AY23 -> 5 | I79: =AY34 -> 7 | J79: =AY24 -> 7 | K79: =AY26 -> 7
B80: =AY30 -> 7 | C80: =AY44 -> 0 | G80: =AY40 -> 7 | H80: 10 | J80: =AY33 -> 7
A81: HGP* See Class Schedule
A82: Prepared by: | G82: Checked by: | M82: Approved by:
A85: =A42 -> CRISTITUTO P. LORENZANA | H85: =H42 -> MELANIE J. YAMBOT | N85: =N42 -> AURORA T. AGUILA
A86: =A43 -> SHS Teacher III | H86: =H43 -> OIC Assistant Principal II | N86: =N43 -> School Principal IV
A87: Republic of the Phillipines
A88: Region III
A89: Schools Division of Nueva Ecija
A90: JULIA ORTIZ LUIS NATIONAL HIGH SCHOOL
A91: Sagaba, Sto. Domingo, Nueva Ecija
A93: GRADE 11 SHS GENERAL CLASS SCHEDULE
A94: Second Semester S.Y. 2019-2020
A96: TIME | B96: STEM | C96: HUMSS A | D96: HUMSS B | E96: HUMSS C | F96: GAS | G96: ICT | H96: HOME ECONOMICS | M96: AGRICULTURE | N96: Industrial Arts
B97: M.Hierco/C.Lorenzana | C97: R. Coronel | D97: M.Sagnip | E97: M.Fonda | F97: LR. Agustin | G97: P.Adrineda | H97: R.Crisostomo | M97: R.Carillo | N97: A.Sumait
B98: 11-B | C98: 14-B | D98: 6-B | E98: 12-B | F98: 15-B | G98: 8-B | H98: 7-B | M98: 5-B | N98: 4-B/Marcos Bldg.
A99: 7:00-7:30 | B99: FLAG CEREMONY(Monday Only)/ROOM and GROUND IMPROVEMENT
A100: 7:30-8:30 | B100: DRRR | C100: Reading and Writing | D100: Reading and Writing | E100: Stat and Prob | F100: Animation | G100: Physical Science | H100: Pagbasa | M100: Horti | N100: DRRR
B101: M.Hierco | C101: R.Coronel | D101: M.Sagnip | E101: V.Domingo | F101: P.Adrineda | G101: R.Crisostomo | H101: L.Agustin | M101: R.Carillo | N101: M.Hierco
A102: 8:30-9:30 | B102: Basic Calculus | C102: DISS | D102: Research 1 | E102: Pagbasa | F102: Animation | G102: Stat and Prob | H102: Reading and Writing | M102: Horti | N102: Research 1
B103: C.Lorenzana | C103: L.Agustin | D103: Dr.H.Bartolome | E103: A.Cruz | F103: P.Adrineda | G103: A.Sumait | H103: M.Sagnip | M103: R.Carillo | N103: Dr.H.Bartolome
A104: 9:30-10:00 | B104: RECESS
A105: 10:00-11:00 | B105: Pagbasa | C105: Research 1 | D105: Personal Development | E105: SMAW NC I | F105: Pagbasa | G105: Animation | H105: Bread and Pastry | M105: Reading and Writing | N105: Pagbasa
...

Sheet Ref
A1: STEM
A2: As per Division Memo # 102 s. 2018
A3: CORE SUBJECTS | B3: 1st Semester | D3: 2nd Semester | F3: 3rd Semester | H3: 4th Semester
B4: Oral Com | D4: Reading and Writing | F4: 21st Cen Lit | H4: English for Academic
B5: Kom Pan | D5: Pagbasa | F5: MIL | H5: HGP
B6: Earth Science | D6: DRRR | F6: CPAR
B7: Gen Math | D7: Stat and Prob | F7: HGP
B8: UCSP | D8: Personal Development | F8: Philo
B9: P.E. and Health | D9: P.E. and Health | F9: P.E. and Health | H9: P.E. and Health
A10: Concenptualized Subjects | B10: Emp Tech | D10: Research 1 | F10: Research 2 | H10: Entrepreneurship
B11: HGP | D11: HGP | F11: Piling Larang | H11: Research Project
A12: Specialization Subjects | B12: Pre-Calculus | D12: Basic Calculus | F12: Biology 1 | H12: Biology 2
B13: Chemistry 1 | D13: Chemistry 2 | F13: Physics 1 | H13: Physics 2
F14: HGP | H14: Capstone Project
A28: HUMSS
A29: As per Division Memo # 102 s. 2018
A30: CORE SUBJECTS | B30: 1st Semester | D30: 2nd Semester | F30: 3rd Semester | H30: 4th Semester
B31: Oral Com | D31: Reading and Writing | F31: CPAR | H31: English for Academic
B32: Kom Pan | D32: Pagbasa | F32: Philo | H32: HGP
B33: Earth & Life | D33: Physical Science | F33: HGP
B34: Gen Math | D34: Stat and Prob
B35: UCSP | D35: Personal Development
B36: 21st Cen Lit
B37: MIL | F37: Philo
B38: P.E. and Health | D38: P.E. and Health | F38: P.E. and Health | H38: P.E. and Health
A39: Concenptualized Subjects | B39: Emp Tech | D39: Research 1 | F39: Research 2 | H39: Entrepreneurship
B40: HGP | D40: HGP | F40: Piling Larang | H40: Research Project
A41: Specialization Subjects | D41: Creative Writing | F41: World Religions | H41: TNCTCC
D42: DISS | F42: Creative Non-Fiction | H42: CESC
F43: PPG | H43: Culminating Activity
F44: DIASS
A58: GAS
A59: As per Division Memo # 102 s. 2018
A60: CORE SUBJECTS | B60: 1st Semester | D60: 2nd Semester | F60: 3rd Semester | H60: 4th Semester
B61: Oral Com | D61: Reading and Writing | F61: 21st Cen Lit | H61: English for Academic
B62: Kom Pan | D62: Pagbasa | F62: MIL
B63: Earth & Life | D63: Physical Science | F63: CPAR
B64: Gen Math | D64: Stat and Prob
B65: UCSP | D65: Personal Development | F65: Philo
B66: HGP | D66: HGP | F66: HGP | H66: HGP
B68: P.E. and Health | D68: P.E. and Health | F68: P.E. and Health | H68: P.E. and Health
A69: Concenptualized Subjects | B69: Emp Tech | D69: Research 1 | F69: Research 2 | H69: Entrepreneurship
F70: Piling Larang | H70: Research Project
A71: Specialization Subjects | B71: Organ Man | D71: TNCTCC | F71: PPG | H71: Applied Economics
B72: Creative Writing | D72: DRRR | F72: Bread and Pastry | H72: Principles of Marketing
H73: Work Immersion
A86: AGFA
A87: As per Division Memo # 102 s. 2018
A88: CORE SUBJECTS | B88: 1st Semester | D88: 2nd Semester | F88: 3rd Semester | H88: 4th Semester
B89: Oral Com | D89: Reading and Writing | F89: 21st Cen Lit | H89: English for Academic
B90: Kom Pan | D90: Pagbasa | F90: MIL | H90: HGP
B91: Earth & Life | D91: Physical Science | F91: CPAR
B92: Gen Math | D92: Stat and Prob | F92: HGP
B93: UCSP | D93: Personal Development | F93: Philo
B94: P.E. and Health | D94: P.E. and Health | F94: P.E. and Health | H94: P.E. and Health
A95: Concenptualized Subjects | B95: Emp Tech | D95: Research 1 | F95: Research 2 | H95: Entrepreneurship
B96: HGP | D96: HGP | F96: Piling Larang | H96: Research Project
A97: Specialization Subjects | B97: Agri-Crops NC II | D97: Agri-Crops NC II | F97: Agri-Crops NC II | H97: Agri-Crops NC II
B98: Agri-Crops NC II | D98: Agri-Crops NC II | F98: Agri-Crops NC II | H98: Agri-Crops NC II
F99: HGP | H99: Work Immersion
A113: H.E.
A114: As per Division Memo # 102 s. 2018
A115: CORE SUBJECTS | B115: 1st Semester | D115: 2nd Semester | F115: 3rd Semester | H115: 4th Semester
B116: Oral Com | D116: Reading and Writing | F116: 21st Cen Lit | H116: English for Academic
B117: Kom Pan | D117: Pagbasa | F117: MIL | H117: HGP
B118: Earth & Life | D118: Physical Science | F118: CPAR
B119: Gen Math | D119: Stat and Prob | F119: HGP
B120: UCSP | D120: Personal Development | F120: Philo
B121: P.E. and Health | D121: P.E. and Health | F121: P.E. and Health | H121: P.E. and Health
A122: Concenptualized Subjects | B122: Emp Tech | D122: Research 1 | F122: Research 2 | H122: Entrepreneurship
B123: HGP | D123: HGP | F123: Piling Larang | H123: Research Project
A124: Specialization Subjects | B124: Food and Beverage | D124: Bread and Pastry | F124: Cookery | H124: Cookery
B125: Food and Beverage | D125: Bread and Pastry | F125: Cookery | H125: Cookery
F126: HGP | H126: Work Immersion
A140: IA
A141: As per Division Memo # 102 s. 2018
A142: CORE SUBJECTS | B142: 1st Semester | D142: 2nd Semester | F142: 3rd Semester | H142: 4th Semester
B143: Oral Com | D143: Reading and Writing | F143: 21st Cen Lit | H143: English for Academic
B144: Kom Pan | D144: Pagbasa | F144: MIL | H144: HGP
B145: Earth & Life | D145: Physical Science | F145: CPAR
B146: Gen Math | D146: Stat and Prob | F146: HGP
B147: UCSP | D147: Personal Development | F147: Philo
B148: P.E. and Health | D148: P.E. and Health | F148: P.E. and Health | H148: P.E. and Health
A149: Concenptualized Subjects | B149: Emp Tech | D149: Research 1 | F149: Research 2 | H149: Entrepreneurship
B150: HGP | D150: HGP | F150: Piling Larang | H150: Research Project
A151: Specialization Subjects | B151: SMAW NC I | D151: SMAW NC I | F151: SMAW NC II | H151: SMAW NC II
B152: SMAW NC I | D152: SMAW NC I | F152: SMAW NC II | H152: SMAW NC II
F153: HGP | H153: Work Immersion
A168: ICT
A169: As per Division Memo # 102 s. 2018
A170: CORE SUBJECTS | B170: 1st Semester | D170: 2nd Semester | F170: 3rd Semester | H170: 4th Semester
B171: Oral Com | D171: Reading and Writing | F171: 21st Cen Lit | H171: English for Academic
B172: Kom Pan | D172: Pagbasa | F172: MIL | H172: HGP
B173: Earth & Life | D173: Physical Science | F173: CPAR
B174: Gen Math | D174: Stat and Prob | F174: HGP
B175: UCSP | D175: Personal Development | F175: Philo
B176: P.E. and Health | D176: P.E. and Health | F176: P.E. and Health | H176: P.E. and Health
A177: Concenptualized Subjects | B177: Emp Tech | D177: Research 1 | F177: Research 2 | H177: Entrepreneurship
B178: HGP | D178: HGP | F178: Piling Larang | H178: Research Project
A179: Specialization Subjects | B179: CSS | D179: CSS | F179: CSS | H179: CSS
...

Sheet New
A1: STEM
A2: As per Division Memo # 102 s. 2018
A3: CORE SUBJECTS | B3: 1st Semester | D3: 2nd Semester | F3: 3rd Semester | H3: 4th Semester
B4: Oral Communication | D4: Reading and Writing Skills | F4: 21st Century Literature from the Philippines and the World
B5: Komunikasyon at Pananaliksik sa Wika at Kulturang Pilipino | D5: Pagbasa at Pagsusuri ng Iba't Ibang Teksto Tungo sa Pananaliksik | F5: Media and Information Literacy
B6: Earth Science | D6: Disaster Readiness and Risk Reduction | F6: Contemporary Philippine Arts from the Regions
B7: General Mathematics | D7: Statistics and Probability
B8: Understanding Culture, Society and Politics | D8: Personal Development | F8: Introduction to the Philosophy of the Human Person
B9: Physical Education and Health | D9: Physical Education and Health | F9: Physical Education and Health | H9: Physical Education and Health
A10: Concenptualized Subjects | B10: Empowerment Technologies | D10: Practical Research 1 | F10: Practical Research 2 | H10: English for Academic and Professional Purposes
F11: Filipino sa Piling Larang | H11: Entrepreneurship
H12: Inquiries, Investigations and Immersion(Research Project)
A13: Specialized Subjects | B13: Pre-Calculus | D13: Basic Calculus | F13: General Biology 1 | H13: General Biology 2
B14: General Chemistry 1 | D14: General Chemistry 2 | F14: General Physics 1 | H14: General Physics 2
H15: Capstone Project
A16: Subject | C16: Pre-requisite/s | F16: Subject | H16: Pre-requisite/s
A17: Practical Research 2 | C17: Statistics and Probability | F17: Inquiries, Investigations and Immersion(Research Project) | H17: Practical Research 1
A18: General Chemistry 2 | C18: General Chemistry 1 | H18: Practical Research 2
A19: General Biology 2 | C19: General Biology 1
A20: General Physics 2 | C20: General Physics 1
A21: Basic Calculus | C21: Pre-Calculus
A30: HUMSS
A31: As per Division Memo # 102 s. 2018
A32: CORE SUBJECTS | B32: 1st Semester | D32: 2nd Semester | F32: 3rd Semester | H32: 4th Semester
B33: Oral Communication | D33: Reading and Writing Skills | F33: Contemporary Philippine Arts from the Regions
B34: Komunikasyon at Pananaliksik sa Wika at Kulturang Pilipino | D34: Pagbasa at Pagsusuri ng Iba't Ibang Teksto Tungo sa Pananaliksik | F34: Introduction to the Philosophy of the Human Person
B35: Earth and Life Science | D35: Physical Science
B36: General Mathematics | D36: Statistics and Probability
B37: Understanding Culture, Society and Politics | D37: Personal Development
B38: 21st Century Literarure from the Phillipines and the World
B39: Media and Information Literacy
B40: Physical Education and Health | D40: Physical Education and Health | F40: Physical Education and Health | H40: Physical Education and Health
A41: Concenptualized Subjects | B41: Empowerment Technologies | D41: Practical Research 1 | F41: Practical Research 2 | H41: English for Academic and Professional Purposes
F42: Filipino sa Piling Larang | H42: Entrepreneurship
H43: Inquiries, Investigations and Immersion(Research Project)
A44: Specialization Subjects | D44: Creative Writing | F44: Introduction to World Religions | H44: Trends, Networks and Critical Thinking in the 21st Century Culture(TNCTCC)
D45: Disciplines and Ideas in the Social Sciences(DISS) | F45: Creative Non-Fiction | H45: Community Engagement, Solidarity and Citizenship
F46: Philippine Politics and Governance | H46: Culminating Activity/Work Immersion
F47: Disciplines and Ideas in the Applied Social Sciences(DIASS)
A48: Subject | C48: Pre-requisite/s | F48: Subject | H48: Pre-requisite/s
A49: Practical Research 2 | C49: Statistics and Probability | F49: Inquiries, Investigations and Immersion(Research Project) | H49: Practical Research 1
A50: Creative Writing | C50: 21st Century Literarure | H50: Practical Research 2
A51: Creative Nonfiction | C51: Creative Writing
A52: DIASS | C52: DISS
A53: TNCTCC | C53: Philosophy
A56: GAS
A57: As per Division Memo # 102 s. 2018
A58: CORE SUBJECTS | B58: 1st Semester | D58: 2nd Semester | F58: 3rd Semester | H58: 4th Semester
B59: Oral Communication | D59: Reading and Writing Skills | F59: 21st Century Literature from the Philippines and the World
B60: Komunikasyon at Pananaliksik sa Wika at Kulturang Pilipino | D60: Pagbasa at Pagsusuri ng Iba't Ibang Teksto Tungo sa Pananaliksik | F60: Media and Information Literacy
B61: Earth and Life Science | D61: Physical Science | F61: Contemporary Philippine Arts from the Regions
B62: General Mathematics | D62: Statistics and Probability
B63: Understanding Culture, Society and Politics | D63: Personal Development | F63: Introduction to the Philosophy of the Human Person
B64: Physical Education and Health | D64: Physical Education and Health | F64: Physical Education and Health | H64: Physical Education and Health
A65: Concenptualized Subjects | B65: Empowerment Technologies | D65: Practical Research 1 | F65: Practical Research 2 | H65: English for Academic and Professional Purposes
F66: Filipino sa Piling Larang | H66: Entrepreneurship
H67: Inquiries, Investigations and Immersion(Research Project)
A68: Specialized Subjects | B68: Organization and Management | D68: Trends, Networks and Critical Thinking in the 21st Century Culture*(TNCTCC) | F68: Philippine Politics and Governance** | H68: Applied Economics
B69: Creative Writing* | D69: Disaster Readiness and Risk Reduction | F69: Bread and Pastry*** (Elective) | H69: Bread and Pastry*** (Elective)
H70: Work Immersion
A72: Subject | C72: Pre-requisite/s | F72: Subject | H72: Pre-requisite/s
A73: Practical Research 2 | C73: Statistics and Probability | F73: Inquiries, Investigations and Immersion(Research Project) | H73: Practical Research 1
A74: Creative Writing | C74: 21st Century Literarure | H74: Practical Research 2
A75: TNCTCC | C75: Philosophy | F75: *** Any two( from any Track/Starnd)
A76: *Select any of two from HUMSS Strand 1-4
A77: **Select one from HUMSS strand 5-8
A78: GAS | B78: (SUGGESTED GAS SCHEDULE)
A79: As per Division Memo # 102 s. 2018
A80: CORE SUBJECTS | B80: 1st Semester | D80: 2nd Semester | F80: 3rd Semester | H80: 4th Semester
B81: Oral Communication | D81: Reading and Writing Skills | F81: 21st Century Literature from the Philippines and the World
B82: Komunikasyon at Pananaliksik sa Wika at Kulturang Pilipino | D82: Pagbasa at Pagsusuri ng Iba't Ibang Teksto Tungo sa Pananaliksik | F82: Media and Information Literacy
B83: Earth and Life Science | D83: Physical Science | F83: Contemporary Philippine Arts from the Regions
B84: General Mathematics | D84: Statistics and Probability
B85: Understanding Culture, Society and Politics | D85: Personal Development | F85: Introduction to the Philosophy of the Human Person
B86: Physical Education and Health | D86: Physical Education and Health | F86: Physical Education and Health | H86: Physical Education and Health
A87: Concenptualized Subjects | B87: Empowerment Technologies | D87: Practical Research 1 | F87: Practical Research 2 | H87: English for Academic and Professional Purposes
F88: Filipino sa Piling Larang | H88: Entrepreneurship
H89: Inquiries, Investigations and Immersion(Research Project)
A90: Specialized Subjects | B90: Organization and Management | D90: Creative Writing* | F90: Philippine Politics and Governance** | H90: Trends, Networks and Critical Thinking in the 21st Century Culture(TNCTCC)
B91: Applied Economics | D91: Disaster Readiness and Risk Reduction | F91: Elective*** | H91: Elective***
H92: Work Immersion
A94: Subject | C94: Pre-requisite/s | F94: Subject | H94: Pre-requisite/s
A95: Practical Research 2 | C95: Statistics and Probability | F95: *Select any of two from HUMSS Strand 1-4
A96: Creative Writing | C96: 21st Century Literarure | F96: **Select one from HUMSS strand 5-8
A97: TNCTCC | C97: Philosophy | F97: *** Any two( from any Track/Starnd)
A98: Inquiries, Investigations and Immersion(Research Project) | C98: Practical Research 1
C99: Practical Research 2
A105: AGFA
A106: As per Division Memo # 102 s. 2018
A107: CORE SUBJECTS | B107: 1st Semester | D107: 2nd Semester | F107: 3rd Semester | H107: 4th Semester
B108: Oral Communication | D108: Reading and Writing Skills | F108: 21st Century Literature from the Philippines and the World
B109: Komunikasyon at Pananaliksik sa Wika at Kulturang Pilipino | D109: Pagbasa at Pagsusuri ng Iba't Ibang Teksto Tungo sa Pananaliksik | F109: Media and Information Literacy
B110: Earth and Life Science | D110: Physical Science | F110: Contemporary Philippine Arts from the Regions
B111: General Mathematics | D111: Statistics and Probability
B112: Understanding Culture, Society and Politics | D112: Personal Development | F112: Introduction to the Philosophy of the Human Person
B113: Physical Education and Health | D113: Physical Education and Health | F113: Physical Education and Health | H113: Physical Education and Health
A114: Concenptualized Subjects | B114: Empowerment Technologies | D114: Practical Research 1 | F114: Practical Research 2 | H114: English for Academic and Professional Purposes
F115: Filipino sa Piling Larang | H115: Entrepreneurship
H116: Inquiries, Investigations and Immersion(Research Project)
A117: Specialized Subjects | B117: Horticulture | D117: Horticulture | F117: Agri-Crops Production | H117: Agri-Crops Production
...

Sheet Old
A1: Teachers' Profile | C1: Applied and Specialized Subjects | M1: Core Subjects
L2: STRAND
A3: 1 | B3: Aguilar EM | C3: English for Academic and Professional Purposes | J3: English for Academic | L3: Common | M3: Oral Communication | U3: Oral Com
A4: 2 | B4: Almadin H | C4: Practical Research 1 | J4: Research 1 | L4: Common | M4: Reading and Writing | U4: R & W
A5: 3 | B5: Almazan AD | C5: Practical Research 2 | J5: Rsearch 2 | L5: Common | M5: Komunikasyon at Pananaliksik sa Wika at Kulturang Pilipino | U5: Kom Pan
A6: 4 | B6: Bartolome H | C6: Filipino sa Piling Larang | J6: Piling Larang | L6: Common | M6: Pagbasa at Pagsusuri ng Iba't Ibang Teksto Tungo sa Pananaliksik | U6: Pagbasa
A7: 5 | B7: Carillo R | C7: Empowerment Technologies | J7: Empowerment | L7: Common | M7: 21st Century Literature from the Philippines and the World | U7: 21st Century
A8: 6 | B8: Coronel R | C8: Entrepreneurship | J8: Entrepreneurship | L8: Common | M8: Contemporary Philippine Arts from the Regions | U8: CPAR
A9: 7 | B9: Crisostomo R | C9: Inquiries, Investigations and Immersion(Research Project) | J9: Rrsearch Project | L9: Common | M9: Media and Information Literacy | U9: Media
A10: 8 | B10: De Leon I | C10: Pre-Calculus | J10: Pre-Calculus | L10: STEM | M10: General Mathematics | U10: Gen Math
A11: 9 | B11: Domingo V | C11: Basic Calculus | J11: Basic Calculus | L11: STEM | M11: Statistics and Probability | U11: Stat & Prob
A12: 10 | B12: Estrella R | C12: General Biology 1 | J12: General Biology 1 | L12: STEM | M12: Earth and Life Science | U12: Earth & Life
A13: 11 | B13: Gardoce J | C13: General Biology 2 | J13: General Biology 2 | L13: STEM | M13: Physical Science | U13: Physical Sci
A14: 12 | B14: Guerrero LG | C14: General Chemistry 1 | J14: General Chemistry 1 | L14: STEM | M14: Personal Development/Pansariling Kaunlaran | U14: Per Dev
... A17: 15 | B17: Lorenzo C | C17: General Physics 2 | J17: General Physics 2 | L17: STEM | M17: Physical Education and Health | U17: P.E. & Health
A18: 16 | B18: Mamaid MC | C18: Capstone Project | J18: Capstone Project | L18: STEM | M18: Earth Science | Q18: STEM only | U18: Earth Science
A19: 17 | B19: Maniquiz T | C19: Creative Writing | J19: Creative Writing | L19: GAS/HUMSS | M19: Disaster Readiness and Risk Reduction | Q19: STEM only | U19: DRRR
A20: 18 | B20: Marcelo OJ | C20: Creative Nonfiction | J20: Creative Nonfiction | L20: HUMSS
A21: 19 | B21: Mercado R | C21: Disciplines and Ideas in the Social Sciences | J21: DISS | L21: HUMSS
A22: 20 | B22: Orgil E | C22: Introduction to World Religions | J22: Religion | L22: HUMSS
A23: 21 | B23: Pascua I | C23: Philippine Politics and Governance | J23: PPG | L23: GAS/HUMSS
A24: 22 | B24: Reyes D | C24: Disciplines and Ideas in the Applied Social Sciences | J24: DIASS | L24: HUMSS
A25: 23 | B25: Sagnip M | C25: Community Engagement, Solidarity and Citizenship | J25: CESC | L25: HUMSS
A26: 24 | B26: Sarmiento F | C26: Trends, Networks and Critical Thinking in the 21st Century Culture | J26: TNCTCC | L26: HUMSS/GAS
A27: 25 | B27: Tamondong A | C27: Culminating Activity | J27: Culminating | L27: HUMSS
A28: 26 | B28: Valdez R | C28: Organization and Management | J28: Organ-Man | L28: GAS
A29: Science A | B29: Teacher A | C29: Disaster Readiness and Risk Reduction | J29: DRRR | L29: GAS
A30: Science B | B30: Teacher B | C30: Applied Economics | J30: Economics | L30: GAS
A31: Soc Sci | B31: Teacher C | C31: Business Mathematics | J31: Business Math | L31: GAS
A32: SMAW | B32: Teacher D | C32: Principles of Marketing | J32: Marketing | L32: GAS
A33: English | B33: Teacher E | C33: Work Immersion | J33: Work Immersion
A34: 32 | B34: I De Leon | C34: Food and Beverage Services | J34: Food & Beverage | L34: H.E.
A35: 33 | B35: LG Guerrero | C35: Bread and Pastry | J35: Bread and Pastry | L35: H.E.
A36: 34 | C36: Cookery | J36: Cookery | L36: H.E.
A37: 35 | C37: Agricrops | J37: Agricrops | L37: AGRI
A38: 36 | C38: Shielded Metal Arc Welding (NC I) | J38: SMAW NC I | L38: IA
A39: 37 | C39: Shielded Metal Arc Welding (NC II) | J39: SMAW NC II | L39: IA
A40: 38 | C40: Animation | J40: Animation | L40: IACT
A41: 39 | C41: Computer System Servicing (NC-II) | J41: CSS NC II | L41: ICT
A42: 40 | C42: CAT(Optional) | L42: ALL
A43: 41
A44: 42
A45: 43
A46: 44

Sheet Class Sch
A1: Republic of the Philippines | M1: Republic of the Philippines | Y1: Republic of the Philippines | AK1: Republic of the Philippines | BI1: Republic of the Philippines | BU1: Republic of the Philippines | CG1: Republic of the Philippines | CS1: Republic of the Philippines | DE1: Republic of the Philippines | DQ1: Republic of the Philippines | EC1: Republic of the Philippines | EO1: Republic of the Philippines | FA1: Republic of the Philippines | FM1: Republic of the Philippines | FY1: Republic of the Philippines
A2: Region III | M2: Region III | Y2: Region III | AK2: Region III | AW2: Region III | BI2: Region III | BU2: Region III | CG2: Region III | CS2: Region III | DE2: Region III | DQ2: Region III | EC2: Region III | EO2: Region III | FA2: Region III | FM2: Region III | FY2: Region III
A3: Schools Division of Nueva Ecija | M3: Schools Division of Nueva Ecija | Y3: Schools Division of Nueva Ecija | AK3: Schools Division of Nueva Ecija | BI3: Schools Division of Nueva Ecija | BU3: Schools Division of Nueva Ecija | CG3: Schools Division of Nueva Ecija | CS3: Schools Division of Nueva Ecija | DE3: Schools Division of Nueva Ecija | DQ3: Schools Division of Nueva Ecija | EC3: Schools Division of Nueva Ecija | EO3: Schools Division of Nueva Ecija | FA3: Schools Division of Nueva Ecija | FM3: Schools Division of Nueva Ecija | FY3: Schools Division of Nueva Ecija
A4: SHS-JULIA ORTIZ LUIS NATIONAL HIGH SCHOOL | M4: SHS-JULIA ORTIZ LUIS NATIONAL HIGH SCHOOL | Y4: SHS-JULIA ORTIZ LUIS NATIONAL HIGH SCHOOL | AK4: SHS-JULIA ORTIZ LUIS NATIONAL HIGH SCHOOL | AW4: SHS-JULIA ORTIZ LUIS NATIONAL HIGH SCHOOL | BI4: SHS-JULIA ORTIZ LUIS NATIONAL HIGH SCHOOL | BU4: SHS-JULIA ORTIZ LUIS NATIONAL HIGH SCHOOL | CG4: SHS-JULIA ORTIZ LUIS NATIONAL HIGH SCHOOL | CS4: SHS-JULIA ORTIZ LUIS NATIONAL HIGH SCHOOL | DE4: SHS-JULIA ORTIZ LUIS NATIONAL HIGH SCHOOL | DQ4: SHS-JULIA ORTIZ LUIS NATIONAL HIGH SCHOOL | EC4: SHS-JULIA ORTIZ LUIS NATIONAL HIGH SCHOOL | EO4: SHS-JULIA ORTIZ LUIS NATIONAL HIGH SCHOOL | FA4: SHS-JULIA ORTIZ LUIS NATIONAL HIGH SCHOOL | FM4: SHS-JULIA ORTIZ LUIS NATIONAL HIGH SCHOOL | FY4: SHS-JULIA ORTIZ LUIS NATIONAL HIGH SCHOOL
A5: Sagaba, Sto. Domongo, Nueva Ecija | M5: Sagaba, Sto. Domongo, Nueva Ecija | Y5: Sagaba, Sto. Domongo, Nueva Ecija | AK5: Sagaba, Sto. Domongo, Nueva Ecija | AW5: Sagaba, Sto. Domongo, Nueva Ecija | BI5: Sagaba, Sto. Domongo, Nueva Ecija | BU5: Sagaba, Sto. Domongo, Nueva Ecija | CG5: Sagaba, Sto. Domongo, Nueva Ecija | CS5: Sagaba, Sto. Domongo, Nueva Ecija | DE5: Sagaba, Sto. Domongo, Nueva Ecija | DQ5: Sagaba, Sto. Domongo, Nueva Ecija | EC5: Sagaba, Sto. Domongo, Nueva Ecija | EO5: Sagaba, Sto. Domongo, Nueva Ecija | FA5: Sagaba, Sto. Domongo, Nueva Ecija | FM5: Sagaba, Sto. Domongo, Nueva Ecija | FY5: Sagaba, Sto. Domongo, Nueva Ecija
A7: CLASS SCHEDULE | M7: CLASS SCHEDULE | Y7: CLASS SCHEDULE | AK7: CLASS SCHEDULE | AW7: CLASS SCHEDULE | BI7: CLASS SCHEDULE | BU7: CLASS SCHEDULE | CG7: CLASS SCHEDULE | CS7: CLASS SCHEDULE | DE7: CLASS SCHEDULE | DQ7: CLASS SCHEDULE | EC7: CLASS SCHEDULE | EO7: CLASS SCHEDULE | FA7: CLASS SCHEDULE | FM7: CLASS SCHEDULE | FY7: CLASS SCHEDULE
A8: Adviser: | B8: MAUREEN A. HIERCO | I8: Grade 11-STEM | M8: Adviser: | N8: ROMARC B CORONEL | U8: Grade 11-HumSS A | Y8: Adviser: | Z8: MARIEFE M SAGNIP | AG8: Grade 11-HumSS B | AK8: Adviser: | AL8: ROMNICK T. ESTRELLA | AS8: Grade 11-HumSS C | AW8: Adviser: | AX8: ELENA MARIE A AGUILAR | BE8: Grade 11-HumSS D | BI8: Adviser: | BJ8: MERRY CHRISTINE B. MAMAID | BQ8: Grade 11 HumSS E | BU8: Adviser: | BV8: DARWIN E, REYES | CC8: Grade 11-AFA | CG8: Adviser: | CH8: ANGEL JOY DIANNE ALMAZAN | CO8: Grade 11-SMAW | CS8: Adviser: | CT8: LOVELY GRACE GUERRERO | DA8: Grade 11-ICT | DE8: Adviser: | DF8: REALINE S VALDEZ | DM8: Grade 11-GAS | DQ8: Adviser: | DR8: TERESITA N. MANIQUIZ | DY8: Grade 11-H.E. | EC8: Adviser: | EK8: Grade 11-H.E. | EO8: Adviser: | EP8: Romeo DR. Crisostomo | EW8: Grade 11-GAS | FA8: Adviser: | FB8: Romeo DR. Crisostomo | FI8: Grade 11-GAS | FM8: Adviser: | FN8: Romeo DR. Crisostomo | FU8: Grade 11-GAS | FY8: Adviser: | GG8: Grade 11-COOKERY/GAS B
B9: Teacher III | I9: ='Gen CP'!A8 -> First Semester S.Y. 2024-2025 | N9: Teacher III | U9: =I9 -> First Semester S.Y. 2024-2025 | Z9: Teacher II | AG9: =U9 -> First Semester S.Y. 2024-2025 | AL9: Teacher II | AS9: =AG9 -> First Semester S.Y. 2024-2025 | AX9: Teacher II | BE9: =AS9 -> First Semester S.Y. 2024-2025 | BJ9: Teacher II | BQ9: =BE9 -> First Semester S.Y. 2024-2025 | BV9: Teacher III | CC9: =BQ9 -> First Semester S.Y. 2024-2025 | CH9: Teacher II | CO9: =CC9 -> First Semester S.Y. 2024-2025 | CT9: Teacher II | DA9: =CO9 -> First Semester S.Y. 2024-2025 | DF9: Teacher II | DM9: =DA9 -> First Semester S.Y. 2024-2025 | DR9: Teacher III | DY9: =DM9 -> First Semester S.Y. 2024-2025 | EK9: =DY9 -> First Semester S.Y. 2024-2025 | EP9: Teacher II | EW9: First Semester S.Y. 2022-2023 | FB9: Teacher II | FI9: First Semester S.Y. 2022-2023 | FN9: Teacher II | FU9: First Semester S.Y. 2022-2023 | FZ9: Teacher III | GG9: =EK9 -> First Semester S.Y. 2024-2025
A11: Time | B11: No. of Minutes | C11: MONDAY | E11: TUESDAY | G11: WEDNESDAY | I11: THURSDAY | K11: FRIDAY | M11: Time | N11: No. of Minutes | O11: MONDAY | Q11: TUESDAY | S11: WEDNESDAY | U11: THURSDAY | W11: FRIDAY | Y11: Time | Z11: No. of Minutes | AA11: MONDAY | AC11: TUESDAY | AE11: WEDNESDAY | AG11: THURSDAY | AI11: FRIDAY | AK11: Time | AL11: No. of Minutes | AM11: MONDAY | AO11: TUESDAY | AQ11: WEDNESDAY | AS11: THURSDAY | AU11: FRIDAY | AW11: Time | AX11: No. of Minutes | AY11: MONDAY | BA11: TUESDAY | BC11: WEDNESDAY | BE11: THURSDAY | BG11: FRIDAY | BI11: Time | BJ11: No. of Minutes | BK11: MONDAY | BM11: TUESDAY | BO11: WEDNESDAY | BQ11: THURSDAY | BS11: FRIDAY | BU11: Time | BV11: No. of Minutes | BW11: MONDAY | BY11: TUESDAY | CA11: WEDNESDAY | CC11: THURSDAY | CE11: FRIDAY | CG11: Time | CH11: No. of Minutes | CI11: MONDAY | CK11: TUESDAY | CM11: WEDNESDAY | CO11: THURSDAY | CQ11: FRIDAY | CS11: Time | CT11: No. of Minutes | CU11: MONDAY | CW11: TUESDAY | CY11: WEDNESDAY | DA11: THURSDAY | DC11: FRIDAY | DE11: Time | DF11: No. of Minutes | DG11: MONDAY | DI11: TUESDAY | DK11: WEDNESDAY | DM11: THURSDAY | DO11: FRIDAY | DQ11: Time | DR11: No. of Minutes | DS11: MONDAY | DU11: TUESDAY | DW11: WEDNESDAY | DY11: THURSDAY | EA11: FRIDAY | EC11: Time | ED11: No. of Minutes | EE11: MONDAY | EG11: TUESDAY | EI11: WEDNESDAY | EK11: THURSDAY | EM11: FRIDAY | EO11: Time | EP11: No. of Minutes | EQ11: MONDAY | ES11: TUESDAY | EU11: WEDNESDAY | EW11: THURSDAY | EY11: FRIDAY | FA11: Time | FB11: No. of Minutes | FC11: MONDAY | FE11: TUESDAY | FG11: WEDNESDAY | FI11: THURSDAY | FK11: FRIDAY | FM11: Time | FN11: No. of Minutes | FO11: MONDAY | FQ11: TUESDAY | FS11: WEDNESDAY | FU11: THURSDAY | FW11: FRIDAY | FY11: Time | FZ11: No. of Minutes | GA11: MONDAY | GC11: TUESDAY | GE11: WEDNESDAY | GG11: THURSDAY | GI11: FRIDAY
A13: 7:00-7:20 | C13: PRELIMINARY ACTIVITIES | M13: 7:00-7:20 | O13: PRELIMINARY ACTIVITIES | Y13: 7:00-7:20 | AA13: PRELIMINARY ACTIVITIES | AK13: 7:00-7:20 | AM13: PRELIMINARY ACTIVITIES | AW13: 7:00-7:20 | AY13: PRELIMINARY ACTIVITIES | BI13: 7:00-7:20 | BK13: PRELIMINARY ACTIVITIES | BU13: 7:00-7:20 | BW13: PRELIMINARY ACTIVITIES | CG13: 7:00-7:20 | CI13: PRELIMINARY ACTIVITIES | CS13: 7:00-7:20 | CU13: PRELIMINARY ACTIVITIES | DE13: 7:00-7:20 | DG13: PRELIMINARY ACTIVITIES | DQ13: 7:00-7:20 | DS13: PRELIMINARY ACTIVITIES | EC13: 7:00-7:30 | EE13: PRELIMINARY ACTIVITIES | EO13: 7:00-7:30 | EQ13: PRELIMINARY ACTIVITIES | FA13: 7:00-7:30 | FC13: PRELIMINARY ACTIVITIES | FM13: 7:00-7:30 | FO13: PRELIMINARY ACTIVITIES | FY13: 7:00-7:30 | GA13: PRELIMINARY ACTIVITIES
A14: 7:20-8:10 | C14: HGP | E14: ='Gen CP'!$B15 -> Earth Science | G14: ='Gen CP'!$B15 -> Earth Science | I14: ='Gen CP'!$B15 -> Earth Science | K14: ='Gen CP'!$B15 -> Earth Science | M14: 7:20-8:10 | O14: HGP | Q14: ='Gen CP'!$C15 -> MIL | S14: ='Gen CP'!$C15 -> MIL | U14: ='Gen CP'!$C15 -> MIL | W14: ='Gen CP'!$C15 -> MIL | Y14: 7:20-8:10 | AA14: HGP | AC14: ='Gen CP'!$D15 -> Oral Com | AE14: ='Gen CP'!$D15 -> Oral Com | AG14: ='Gen CP'!$D15 -> Oral Com | AI14: ='Gen CP'!$D15 -> Oral Com | AK14: 7:20-8:10 | AM14: HGP | AO14: ='Gen CP'!$E15 -> UCSP | AQ14: ='Gen CP'!$E15 -> UCSP | AS14: ='Gen CP'!$E15 -> UCSP | AU14: ='Gen CP'!$E15 -> UCSP | AW14: 7:20-8:10 | AY14: HGP | BA14: ='Gen CP'!$F15 -> Kom Pan | BC14: ='Gen CP'!$F15 -> Kom Pan | BE14: ='Gen CP'!$F15 -> Kom Pan | BG14: ='Gen CP'!$F15 -> Kom Pan | BI14: 7:20-8:10 | BK14: HGP | BM14: ='Gen CP'!$G15 -> UCSP | BO14: ='Gen CP'!$G15 -> UCSP | BQ14: ='Gen CP'!$G15 -> UCSP | BS14: ='Gen CP'!$G15 -> UCSP | BU14: 7:20-8:10 | BW14: HGP | BY14: ='Gen CP'!$H15 -> Agri-Crops NC II | CA14: ='Gen CP'!$H15 -> Agri-Crops NC II | CC14: ='Gen CP'!$H15 -> Agri-Crops NC II | CE14: ='Gen CP'!$H15 -> Agri-Crops NC II | CG14: 7:20-8:10 | CI14: HGP | CK14: ='Gen CP'!$I15 -> Earth & Life | CM14: ='Gen CP'!$I15 -> Earth & Life | CO14: ='Gen CP'!$I15 -> Earth & Life | CQ14: ='Gen CP'!$I15 -> Earth & Life | CS14: 7:20-8:10 | CU14: HGP | CW14: ='Gen CP'!$J15 -> Emp Tech | CY14: ='Gen CP'!$J15 -> Emp Tech | DA14: ='Gen CP'!$J15 -> Emp Tech | DC14: ='Gen CP'!$J15 -> Emp Tech | DE14: 7:20-8:10 | DG14: HGP | DI14: ='Gen CP'!$K15 -> UCSP | DK14: ='Gen CP'!$K15 -> UCSP | DM14: ='Gen CP'!$K15 -> UCSP | DO14: ='Gen CP'!$K15 -> UCSP | DQ14: 7:20-8:10 | DS14: HGP | DU14: ='Gen CP'!$L15 -> Food and Beverage | DW14: ='Gen CP'!$L15 -> Food and Beverage | DY14: ='Gen CP'!$L15 -> Food and Beverage | EA14: ='Gen CP'!$L15 -> Food and Beverage | EC14: 7:30-8:30 | EE14: ='Gen CP'!$M15 -> 0 | EG14: ='Gen CP'!$M15 -> 0 | EI14: ='Gen CP'!$M15 -> 0 | EK14: ='Gen CP'!$M15 -> 0 | EM14: ='Gen CP'!$M15 -> 0 | EO14: 7:30-8:30 | EP14: 60 | FA14: 7:30-8:30 | FB14: 60 | FM14: 7:30-8:30 | FN14: 60 | FY14: 7:30-8:30 | GA14: ='Gen CP'!$N15 -> 0 | GC14: ='Gen CP'!$N15 -> 0 | GE14: ='Gen CP'!$N15 -> 0 | GG14: ='Gen CP'!$N15 -> 0 | GI14: ='Gen CP'!$N15 -> 0
C15: ='Gen CP'!$B16 -> Hierco M | E15: ='Gen CP'!$B16 -> Hierco M | G15: ='Gen CP'!$B16 -> Hierco M | I15: ='Gen CP'!$B16 -> Hierco M | K15: ='Gen CP'!$B16 -> Hierco M | O15: ='Gen CP'!$C16 -> Coronel R | Q15: ='Gen CP'!$C16 -> Coronel R | S15: ='Gen CP'!$C16 -> Coronel R | U15: ='Gen CP'!$C16 -> Coronel R | W15: ='Gen CP'!$C16 -> Coronel R | AA15: ='Gen CP'!$D16 -> Sagnip M | AC15: ='Gen CP'!$D16 -> Sagnip M | AE15: ='Gen CP'!$D16 -> Sagnip M | AG15: ='Gen CP'!$D16 -> Sagnip M | AI15: ='Gen CP'!$D16 -> Sagnip M | AM15: ='Gen CP'!$E16 -> Estrella R | AO15: ='Gen CP'!$E16 -> Estrella R | AQ15: ='Gen CP'!$E16 -> Estrella R | AS15: ='Gen CP'!$E16 -> Estrella R | AU15: ='Gen CP'!$E16 -> Estrella R | AY15: ='Gen CP'!$F16 -> Aguilar EM | BA15: ='Gen CP'!$F16 -> Aguilar EM | BC15: ='Gen CP'!$F16 -> Aguilar EM | BE15: ='Gen CP'!$F16 -> Aguilar EM | BG15: ='Gen CP'!$F16 -> Aguilar EM | BK15: ='Gen CP'!$G16 -> Mamaid MC | BM15: ='Gen CP'!$G16 -> Mamaid MC | BO15: ='Gen CP'!$G16 -> Mamaid MC | BQ15: ='Gen CP'!$G16 -> Mamaid MC | BS15: ='Gen CP'!$G16 -> Mamaid MC | BW15: ='Gen CP'!$H16 -> Reyes D | BY15: ='Gen CP'!$H16 -> Reyes D | CA15: ='Gen CP'!$H16 -> Reyes D | CC15: ='Gen CP'!$H16 -> Reyes D | CE15: ='Gen CP'!$H16 -> Reyes D | CI15: ='Gen CP'!$I16 -> Almazan AD | CK15: ='Gen CP'!$I16 -> Almazan AD | CM15: ='Gen CP'!$I16 -> Almazan AD | CO15: ='Gen CP'!$I16 -> Almazan AD | CQ15: ='Gen CP'!$I16 -> Almazan AD | CU15: ='Gen CP'!$J16 -> Guerrero LG | CW15: ='Gen CP'!$J16 -> Guerrero LG | CY15: ='Gen CP'!$J16 -> Guerrero LG | DA15: ='Gen CP'!$J16 -> Guerrero LG | DC15: ='Gen CP'!$J16 -> Guerrero LG | DG15: ='Gen CP'!$K16 -> Valdez R | DI15: ='Gen CP'!$K16 -> Valdez R | DK15: ='Gen CP'!$K16 -> Valdez R | DM15: ='Gen CP'!$K16 -> Valdez R | DO15: ='Gen CP'!$K16 -> Valdez R | DS15: ='Gen CP'!$L16 -> Maniquiz T | DU15: ='Gen CP'!$L16 -> Maniquiz T | DW15: ='Gen CP'!$L16 -> Maniquiz T | DY15: ='Gen CP'!$L16 -> Maniquiz T | EA15: ='Gen CP'!$L16 -> Maniquiz T | EE15: ='Gen CP'!$M16 -> 0 | EG15: ='Gen CP'!$M16 -> 0 | EI15: ='Gen CP'!$M16 -> 0 | EK15: ='Gen CP'!$M16 -> 0 | EM15: ='Gen CP'!$M16 -> 0 | GA15: ='Gen CP'!$N16 -> Crisostomo R | GC15: ='Gen CP'!$N16 -> Crisostomo R | GE15: ='Gen CP'!$N16 -> Crisostomo R | GG15: ='Gen CP'!$N16 -> Crisostomo R | GI15: ='Gen CP'!$N16 -> Crisostomo R
A17: 8:10-9:00 | C17: ='Gen CP'!$B17 -> Pre-Calculus | E17: ='Gen CP'!$B17 -> Pre-Calculus | G17: ='Gen CP'!$B17 -> Pre-Calculus | I17: ='Gen CP'!$B17 -> Pre-Calculus | K17: Pre-Calculus | M17: 8:10-9:00 | O17: ='Gen CP'!$C17 -> Kom Pan | Q17: ='Gen CP'!$C17 -> Kom Pan | S17: ='Gen CP'!$C17 -> Kom Pan | U17: ='Gen CP'!$C17 -> Kom Pan | W17: ='Gen CP'!$C17 -> Kom Pan | Y17: 8:10-9:00 | AA17: ='Gen CP'!$D17 -> UCSP | AC17: ='Gen CP'!$D17 -> UCSP | AE17: P.E. | AG17: ='Gen CP'!$D17 -> UCSP | AI17: ='Gen CP'!$D17 -> UCSP | AK17: 8:10-9:00 | AM17: ='Gen CP'!$E17 -> Oral Com | AO17: ='Gen CP'!$E17 -> Oral Com | AQ17: ='Gen CP'!$E17 -> Oral Com | AS17: ='Gen CP'!$E17 -> Oral Com | AU17: ='Gen CP'!$E17 -> Oral Com | AW17: 8:10-9:00 | AY17: ='Gen CP'!$F17 -> 21st Cen Lit | BA17: ='Gen CP'!$F17 -> 21st Cen Lit | BC17: ='Gen CP'!$F17 -> 21st Cen Lit | BE17: ='Gen CP'!$F17 -> 21st Cen Lit | BG17: ='Gen CP'!$F17 -> 21st Cen Lit | BI17: 8:10-9:00 | BK17: ='Gen CP'!$G17 -> Earth & Life | BM17: ='Gen CP'!$G17 -> Earth & Life | BO17: ='Gen CP'!$G17 -> Earth & Life | BQ17: ='Gen CP'!$G17 -> Earth & Life | BS17: ='Gen CP'!$G17 -> Earth & Life | BU17: 8:10-9:10 | BW17: ='Gen CP'!$H17 -> Agri-Crops NC II | BY17: ='Gen CP'!$H17 -> Agri-Crops NC II | CA17: ='Gen CP'!$H17 -> Agri-Crops NC II | CC17: ='Gen CP'!$H17 -> Agri-Crops NC II | CE17: ='Gen CP'!$H17 -> Agri-Crops NC II | CG17: 8:10-9:00 8:40-9:30 | CI17: ='Gen CP'!$I17 -> Oral Com | CK17: ='Gen CP'!$I17 -> Oral Com | CM17: ='Gen CP'!$I17 -> Oral Com | CO17: P.E. | CQ17: ='Gen CP'!$I17 -> Oral Com | CS17: 8:10-9:00 | CU17: ='Gen CP'!$J17 -> Gen Math | CW17: ='Gen CP'!$J17 -> Gen Math | CY17: ='Gen CP'!$J17 -> Gen Math | DA17: ='Gen CP'!$J17 -> Gen Math | DC17: ='Gen CP'!$J17 -> Gen Math | DE17: 8:10-9:00 | DG17: ='Gen CP'!$K17 -> Earth & Life | DI17: ='Gen CP'!$K17 -> Earth & Life | DK17: ='Gen CP'!$K17 -> Earth & Life | DM17: ='Gen CP'!$K17 -> Earth & Life | DO17: ='Gen CP'!$K17 -> Earth & Life | DQ17: 8:10-9:00 | DS17: ='Gen CP'!$L17 -> Food and Beverage | DU17: P.E. | DW17: ='Gen CP'!$L17 -> Food and Beverage | DY17: ='Gen CP'!$L17 -> Food and Beverage | EA17: ='Gen CP'!$L17 -> Food and Beverage | EC17: 8:30-9:30 | EE17: ='Gen CP'!$M17 -> 0 | EG17: ='Gen CP'!$M17 -> 0 | EI17: ='Gen CP'!$M17 -> 0 | EK17: ='Gen CP'!$M17 -> 0 | EM17: ='Gen CP'!$M17 -> 0 | EO17: 8:30-9:30 | EP17: 60 | FA17: 8:30-9:30 | FB17: 60 | FM17: 8:30-9:30 | FN17: 60 | FY17: 8:30-9:30 | GA17: ='Gen CP'!$N17 -> 0 | GC17: ='Gen CP'!$N17 -> 0 | GE17: ='Gen CP'!$N17 -> 0 | GG17: ='Gen CP'!$N17 -> 0 | GI17: ='Gen CP'!$N17 -> 0
C18: ='Gen CP'!$B18 -> Lorenzana C | E18: ='Gen CP'!$B18 -> Lorenzana C | G18: ='Gen CP'!$B18 -> Lorenzana C | I18: ='Gen CP'!$B18 -> Lorenzana C | K18: C.Lorenzana | O18: ='Gen CP'!$C18 -> Aguilar EM | Q18: ='Gen CP'!$C18 -> Aguilar EM | S18: ='Gen CP'!$C18 -> Aguilar EM | U18: ='Gen CP'!$C18 -> Aguilar EM | W18: ='Gen CP'!$C18 -> Aguilar EM | AA18: ='Gen CP'!$D18 -> Estrella R | AC18: ='Gen CP'!$D18 -> Estrella R | AE18: Gurrero LG | AG18: ='Gen CP'!$D18 -> Estrella R | AI18: ='Gen CP'!$D18 -> Estrella R | AM18: ='Gen CP'!$E18 -> Sagnip M | AO18: ='Gen CP'!$E18 -> Sagnip M | AQ18: ='Gen CP'!$E18 -> Sagnip M | AS18: ='Gen CP'!$E18 -> Sagnip M | AU18: ='Gen CP'!$E18 -> Sagnip M | AY18: ='Gen CP'!$F18 -> Crisostomo R | BA18: ='Gen CP'!$F18 -> Crisostomo R | BC18: ='Gen CP'!$F18 -> Crisostomo R | BE18: ='Gen CP'!$F18 -> Crisostomo R | BG18: ='Gen CP'!$F18 -> Crisostomo R | BK18: ='Gen CP'!$G18 -> Almazan AD | BM18: ='Gen CP'!$G18 -> Almazan AD | BO18: ='Gen CP'!$G18 -> Almazan AD | BQ18: ='Gen CP'!$G18 -> Almazan AD | BS18: ='Gen CP'!$G18 -> Almazan AD | BW18: ='Gen CP'!$H18 -> Reyes D | BY18: ='Gen CP'!$H18 -> Reyes D | CA18: ='Gen CP'!$H18 -> Reyes D | CC18: ='Gen CP'!$H18 -> Reyes D | CE18: ='Gen CP'!$H18 -> Reyes D | CI18: ='Gen CP'!$I18 -> Tamondong A | CK18: ='Gen CP'!$I18 -> Tamondong A | CM18: ='Gen CP'!$I18 -> Tamondong A | CO18: Guerrero LG | CQ18: ='Gen CP'!$I18 -> Tamondong A | CU18: ='Gen CP'!$J18 -> Domingo V | CW18: ='Gen CP'!$J18 -> Domingo V | CY18: ='Gen CP'!$J18 -> Domingo V | DA18: ='Gen CP'!$J18 -> Domingo V | DC18: ='Gen CP'!$J18 -> Domingo V | DG18: ='Gen CP'!$K18 -> Marcelo OJ | DI18: ='Gen CP'!$K18 -> Marcelo OJ | DK18: ='Gen CP'!$K18 -> Marcelo OJ | DM18: ='Gen CP'!$K18 -> Marcelo OJ | DO18: ='Gen CP'!$K18 -> Marcelo OJ | DS18: ='Gen CP'!$L18 -> Maniquiz T | DU18: Guerrero LG | DW18: ='Gen CP'!$L18 -> Maniquiz T | DY18: ='Gen CP'!$L18 -> Maniquiz T | EA18: ='Gen CP'!$L18 -> Maniquiz T | EE18: ='Gen CP'!$M18 -> 0 | EG18: ='Gen CP'!$M18 -> 0 | EI18: ='Gen CP'!$M18 -> 0 | EK18: ='Gen CP'!$M18 -> 0 | EM18: ='Gen CP'!$M18 -> 0 | GA18: ='Gen CP'!$N18 -> Bartolome H | GC18: ='Gen CP'!$N18 -> Bartolome H | GE18: ='Gen CP'!$N18 -> Bartolome H | GG18: ='Gen CP'!$N18 -> Bartolome H | GI18: ='Gen CP'!$N18 -> Bartolome H
A19: 9:00-9:30 | B19: RECESS | M19: 9:00-9:30 | N19: RECESS | Y19: 9:00-9:30 | Z19: RECESS | AK19: 9:00-9:30 | AL19: RECESS | AW19: 9:00-9:30 | AX19: RECESS | BI19: 9:00-9:30 | BJ19: RECESS | BU19: 9:00-9:30 | BV19: RECESS | CG19: 9:00-9:30 | CH19: RECESS | CS19: 9:00-9:30 | CT19: RECESS | DE19: 9:00-9:30 | DF19: RECESS | DQ19: 9:00-9:30 | DR19: RECESS | EC19: 9:00-9:30 | ED19: RECESS | EO19: RECESS | FA19: RECESS | FM19: RECESS | FY19: RECESS
A20: 9:30-10:20 | C20: ='Gen CP'!$B20 -> Gen Math | E20: ='Gen CP'!$B20 -> Gen Math | G20: ='Gen CP'!$B20 -> Gen Math | I20: ='Gen CP'!$B20 -> Gen Math | K20: P.E. | M20: 9:30-10:20 | O20: ='Gen CP'!$C20 -> 21st Cen Lit | Q20: ='Gen CP'!$C20 -> 21st Cen Lit | S20: ='Gen CP'!$C20 -> 21st Cen Lit | U20: ='Gen CP'!$C20 -> 21st Cen Lit | W20: ='Gen CP'!$C20 -> 21st Cen Lit | Y20: 9:30-10:20 | AA20: ='Gen CP'!$D20 -> Kom Pan | AC20: Vacant | AE20: ='Gen CP'!$D20 -> Kom Pan | AG20: ='Gen CP'!$D20 -> Kom Pan | AI20: ='Gen CP'!$D20 -> Kom Pan | AK20: 9:30-10:20 | AM20: ='Gen CP'!$E20 -> Earth & Life | AO20: ='Gen CP'!$E20 -> Earth & Life | AQ20: P.E. | AS20: ='Gen CP'!$E20 -> Earth & Life | AU20: ='Gen CP'!$E20 -> Earth & Life | AW20: 9:30-10:20 | AY20: ='Gen CP'!$F20 -> Oral Com | BA20: ='Gen CP'!$F20 -> Oral Com | BC20: ='Gen CP'!$F20 -> Oral Com | BE20: ='Gen CP'!$F20 -> Oral Com | BG20: ='Gen CP'!$F20 -> Oral Com | BI20: 9:30-10:20 | BK20: ='Gen CP'!$G20 -> MIL | BM20: ='Gen CP'!$G20 -> MIL | BO20: ='Gen CP'!$G20 -> MIL | BQ20: ='Gen CP'!$G20 -> MIL | BS20: ='Gen CP'!$G20 -> MIL | BU20: 9:30-10:20 | BW20: ='Gen CP'!$H20 -> UCSP | BY20: ='Gen CP'!$H20 -> UCSP | CA20: ='Gen CP'!$H20 -> UCSP | CC20: ='Gen CP'!$H20 -> UCSP | CE20: ='Gen CP'!$H20 -> UCSP | CG20: 9:30-10:20 | CI20: ='Gen CP'!$I20 -> SMAW NC I | CK20: ='Gen CP'!$I20 -> SMAW NC I | CM20: ='Gen CP'!$I20 -> SMAW NC I | CO20: ='Gen CP'!$I20 -> SMAW NC I | CQ20: ='Gen CP'!$I20 -> SMAW NC I | CS20: 9:30-10:20 | CU20: ='Gen CP'!$J20 -> CSS | CW20: ='Gen CP'!$J20 -> CSS | CY20: ='Gen CP'!$J20 -> CSS | DA20: ='Gen CP'!$J20 -> CSS | DC20: ='Gen CP'!$J20 -> CSS | DE20: 9:20-10:20 9:30-10:20 | DG20: ='Gen CP'!$K20 -> Gen Math | DI20: ='Gen CP'!$K20 -> Gen Math | DK20: ='Gen CP'!$K20 -> Gen Math | DM20: ='Gen CP'!$K20 -> Gen Math | DO20: ='Gen CP'!$K20 -> Gen Math | DQ20: 9:30-10:20 | DS20: ='Gen CP'!$L20 -> Earth & Life | DU20: ='Gen CP'!$L20 -> Earth & Life | DW20: ='Gen CP'!$L20 -> Earth & Life | DY20: ='Gen CP'!$L20 -> Earth & Life | EA20: ='Gen CP'!$L20 -> Earth & Life | EC20: 10:00-11:00 | EE20: ='Gen CP'!$M20 -> 0 | EG20: ='Gen CP'!$M20 -> 0 | EI20: ='Gen CP'!$M20 -> 0 | EK20: ='Gen CP'!$M20 -> 0 | EM20: ='Gen CP'!$M20 -> 0 | EO20: 10:00-11:00 | EP20: 60 | FA20: 10:00-11:00 | FB20: 60 | FM20: 10:00-11:00 | FN20: 60 | FY20: 10:00-11:00
C21: ='Gen CP'!$B21 -> Lorenzana C | E21: ='Gen CP'!$B21 -> Lorenzana C | G21: ='Gen CP'!$B21 -> Lorenzana C | I21: ='Gen CP'!$B21 -> Lorenzana C | K21: Gurrero LG | O21: ='Gen CP'!$C21 -> Crisostomo R | Q21: ='Gen CP'!$C21 -> Crisostomo R | S21: ='Gen CP'!$C21 -> Crisostomo R | U21: ='Gen CP'!$C21 -> Crisostomo R | W21: ='Gen CP'!$C21 -> Crisostomo R | AA21: ='Gen CP'!$D21 -> Aguilar EM | AE21: ='Gen CP'!$D21 -> Aguilar EM | AG21: ='Gen CP'!$D21 -> Aguilar EM | AI21: ='Gen CP'!$D21 -> Aguilar EM | AM21: ='Gen CP'!$E21 -> Almazan AD | AO21: ='Gen CP'!$E21 -> Almazan AD | AQ21: Gurrero LG | AS21: ='Gen CP'!$E21 -> Almazan AD | AU21: ='Gen CP'!$E21 -> Almazan AD | AY21: ='Gen CP'!$F21 -> Sagnip M | BA21: ='Gen CP'!$F21 -> Sagnip M | BC21: ='Gen CP'!$F21 -> Sagnip M | BE21: ='Gen CP'!$F21 -> Sagnip M | BG21: ='Gen CP'!$F21 -> Sagnip M | BK21: ='Gen CP'!$G21 -> Coronel R | BM21: ='Gen CP'!$G21 -> Coronel R | BO21: ='Gen CP'!$G21 -> Coronel R | BQ21: ='Gen CP'!$G21 -> Coronel R | BS21: ='Gen CP'!$G21 -> Coronel R | BW21: ='Gen CP'!$H21 -> Estrella R | BY21: ='Gen CP'!$H21 -> Estrella R | CA21: ='Gen CP'!$H21 -> Estrella R | CC21: ='Gen CP'!$H21 -> Estrella R | CE21: ='Gen CP'!$H21 -> Estrella R | CI21: ='Gen CP'!$I21 -> Sarmiento F | CK21: ='Gen CP'!$I21 -> Sarmiento F | CM21: ='Gen CP'!$I21 -> Sarmiento F | CO21: ='Gen CP'!$I21 -> Sarmiento F | CQ21: ='Gen CP'!$I21 -> Sarmiento F | CU21: ='Gen CP'!$J21 -> Mercado R | CW21: ='Gen CP'!$J21 -> Mercado R | CY21: ='Gen CP'!$J21 -> Mercado R | DA21: ='Gen CP'!$J21 -> Mercado R | DC21: ='Gen CP'!$J21 -> Mercado R | DG21: ='Gen CP'!$K21 -> Domingo V | DI21: ='Gen CP'!$K21 -> Domingo V | DK21: ='Gen CP'!$K21 -> Domingo V | DM21: ='Gen CP'!$K21 -> Domingo V | DO21: ='Gen CP'!$K21 -> Domingo V | DS21: ='Gen CP'!$L21 -> Marcelo OJ | DU21: ='Gen CP'!$L21 -> Marcelo OJ | DW21: ='Gen CP'!$L21 -> Marcelo OJ | DY21: ='Gen CP'!$L21 -> Marcelo OJ | EA21: ='Gen CP'!$L21 -> Marcelo OJ | EE21: ='Gen CP'!$M21 -> 0 | EG21: ='Gen CP'!$M21 -> 0 | EI21: ='Gen CP'!$M21 -> 0 | EK21: ='Gen CP'!$M21 -> 0 | EM21: ='Gen CP'!$M21 -> 0
A22: 10:20-11:10 | C22: ='Gen CP'!$B22 -> UCSP | E22: ='Gen CP'!$B22 -> UCSP | G22: ='Gen CP'!$B22 -> UCSP | I22: ='Gen CP'!$B22 -> UCSP | K22: ='Gen CP'!$B22 -> UCSP | M22: 10:20-11:10 | O22: ='Gen CP'!$C22 -> Gen Math | Q22: ='Gen CP'!$C22 -> Gen Math | S22: ='Gen CP'!$C22 -> Gen Math | U22: ='Gen CP'!$C22 -> Gen Math | W22: P.E. | Y22: 10:20-11:10 | AA22: ='Gen CP'!$D22 -> 21st Cen Lit | AC22: ='Gen CP'!$D22 -> 21st Cen Lit | AE22: ='Gen CP'!$D22 -> 21st Cen Lit | AG22: ='Gen CP'!$D22 -> 21st Cen Lit | AI22: ='Gen CP'!$D22 -> 21st Cen Lit | AK22: 10:20-11:10 | AM22: ='Gen CP'!$E22 -> MIL | AO22: ='Gen CP'!$E22 -> MIL | AQ22: ='Gen CP'!$E22 -> MIL | AS22: ='Gen CP'!$E22 -> MIL | AU22: ='Gen CP'!$E22 -> MIL | AW22: 10:20-11:10 | AY22: ='Gen CP'!$F22 -> Gen Math | BA22: ='Gen CP'!$F22 -> Gen Math | BC22: P.E. | BE22: ='Gen CP'!$F22 -> Gen Math | BG22: ='Gen CP'!$F22 -> Gen Math | BI22: 10:20-11:10 | BK22: ='Gen CP'!$G22 -> Emp Tech | BM22: ='Gen CP'!$G22 -> Emp Tech | BO22: ='Gen CP'!$G22 -> Emp Tech | BQ22: ='Gen CP'!$G22 -> Emp Tech | BS22: ='Gen CP'!$G22 -> Emp Tech | BU22: 10:20-11:10 | BW22: ='Gen CP'!$H22 -> Earth & Life | BY22: P.E. | CA22: ='Gen CP'!$H22 -> Earth & Life | CC22: ='Gen CP'!$H22 -> Earth & Life | CE22: ='Gen CP'!$H22 -> Earth & Life | CG22: 10:20-11:10 | CI22: ='Gen CP'!$I22 -> SMAW NC I | CK22: ='Gen CP'!$I22 -> SMAW NC I | CM22: ='Gen CP'!$I22 -> SMAW NC I | CO22: ='Gen CP'!$I22 -> SMAW NC I | CQ22: ='Gen CP'!$I22 -> SMAW NC I | CS22: 10:20-11:10 10:20-11:20 | CU22: ='Gen CP'!$J22 -> CSS | CW22: ='Gen CP'!$J22 -> CSS | CY22: ='Gen CP'!$J22 -> CSS | DA22: ='Gen CP'!$J22 -> CSS | DC22: ='Gen CP'!$J22 -> CSS | DE22: 10:20-11:10 | DG22: ='Gen CP'!$K22 -> Kom Pan | DI22: ='Gen CP'!$K22 -> Kom Pan | DK22: ='Gen CP'!$K22 -> Kom Pan | DM22: P.E. | DO22: ='Gen CP'!$K22 -> Kom Pan | DQ22: 10:20-11:10 | DS22: ='Gen CP'!$L22 -> Oral Com | DU22: ='Gen CP'!$L22 -> Oral Com | DW22: ='Gen CP'!$L22 -> Oral Com | DY22: ='Gen CP'!$L22 -> Oral Com | EA22: ='Gen CP'!$L22 -> Oral Com | EC22: 11:00-12:00 | EE22: ='Gen CP'!$M22 -> 0 | EG22: ='Gen CP'!$M22 -> 0 | EI22: ='Gen CP'!$M22 -> 0 | EK22: ='Gen CP'!$M22 -> 0 | EM22: ='Gen CP'!$M22 -> 0 | EO22: 11:00-12:00 | EP22: 60 | FA22: 11:00-12:00 | FB22: 60 | FM22: 11:00-12:00 | FN22: 60 | FY22: 11:00-12:00
C23: ='Gen CP'!$B23 -> Estrella R | E23: ='Gen CP'!$B23 -> Estrella R | G23: ='Gen CP'!$B23 -> Estrella R | I23: ='Gen CP'!$B23 -> Estrella R | K23: ='Gen CP'!$B23 -> Estrella R | O23: ='Gen CP'!$C23 -> Lorenzana C | Q23: ='Gen CP'!$C23 -> Lorenzana C | S23: ='Gen CP'!$C23 -> Lorenzana C | U23: ='Gen CP'!$C23 -> Lorenzana C | W23: Guerrero LG | AA23: ='Gen CP'!$D23 -> Crisostomo R | AC23: ='Gen CP'!$D23 -> Crisostomo R | AE23: ='Gen CP'!$D23 -> Crisostomo R | AG23: ='Gen CP'!$D23 -> Crisostomo R | AI23: ='Gen CP'!$D23 -> Crisostomo R | AM23: ='Gen CP'!$E23 -> Coronel R | AO23: ='Gen CP'!$E23 -> Coronel R | AQ23: ='Gen CP'!$E23 -> Coronel R | AS23: ='Gen CP'!$E23 -> Coronel R | AU23: ='Gen CP'!$E23 -> Coronel R | AY23: ='Gen CP'!$F23 -> Domingo V | BA23: ='Gen CP'!$F23 -> Domingo V | BC23: Guerrero LG | BE23: ='Gen CP'!$F23 -> Domingo V | BG23: ='Gen CP'!$F23 -> Domingo V | BK23: ='Gen CP'!$G23 -> Reyes D | BM23: ='Gen CP'!$G23 -> Reyes D | BO23: ='Gen CP'!$G23 -> Reyes D | BQ23: ='Gen CP'!$G23 -> Reyes D | BS23: ='Gen CP'!$G23 -> Reyes D | BW23: ='Gen CP'!$H23 -> Almazan AD | BY23: Guerrero LG | CA23: ='Gen CP'!$H23 -> Almazan AD | CC23: ='Gen CP'!$H23 -> Almazan AD | CE23: ='Gen CP'!$H23 -> Almazan AD | CI23: ='Gen CP'!$I23 -> Sarmiento F | CK23: ='Gen CP'!$I23 -> Sarmiento F | CM23: ='Gen CP'!$I23 -> Sarmiento F | CO23: ='Gen CP'!$I23 -> Sarmiento F | CQ23: ='Gen CP'!$I23 -> Sarmiento F | CU23: ='Gen CP'!$J23 -> Mercado R | CW23: ='Gen CP'!$J23 -> Mercado R | CY23: ='Gen CP'!$J23 -> Mercado R | DA23: ='Gen CP'!$J23 -> Mercado R | DC23: ='Gen CP'!$J23 -> Mercado R | DG23: ='Gen CP'!$K23 -> Aguilar EM | DI23: ='Gen CP'!$K23 -> Aguilar EM | DK23: ='Gen CP'!$K23 -> Aguilar EM | DM23: Guerrero LG | DO23: ='Gen CP'!$K23 -> Aguilar EM | DS23: ='Gen CP'!$L23 -> Sagnip M | DU23: ='Gen CP'!$L23 -> Sagnip M | DW23: ='Gen CP'!$L23 -> Sagnip M | DY23: ='Gen CP'!$L23 -> Sagnip M | EA23: ='Gen CP'!$L23 -> Sagnip M | EE23: ='Gen CP'!$M23 -> 0 | EG23: ='Gen CP'!$M23 -> 0 | EI23: ='Gen CP'!$M23 -> 0 | EK23: ='Gen CP'!$M23 -> 0 | EM23: ='Gen CP'!$M23 -> 0
A24: 11:10-12:00 | C24: ='Gen CP'!$B24 -> Chemistry 1 | E24: ='Gen CP'!$B24 -> Chemistry 1 | G24: ='Gen CP'!$B24 -> Chemistry 1 | I24: ='Gen CP'!$B24 -> Chemistry 1 | K24: ='Gen CP'!$B24 -> Chemistry 1 | M24: 11:10-12:00 | O24: ='Gen CP'!$C24 -> UCSP | Q24: ='Gen CP'!$C24 -> UCSP | S24: ='Gen CP'!$C24 -> UCSP | U24: ='Gen CP'!$C24 -> UCSP | W24: ='Gen CP'!$C24 -> UCSP | Y24: 11:10-12:00 | AA24: ='Gen CP'!$D24 -> Emp Tech | AC24: ='Gen CP'!$D24 -> Emp Tech | AE24: ='Gen CP'!$D24 -> Emp Tech | AG24: ='Gen CP'!$D24 -> Emp Tech | AI24: ='Gen CP'!$D24 -> Emp Tech | AK24: 11:10-12:00 | AM24: ='Gen CP'!$E24 -> 21st Cen Lit | AO24: ='Gen CP'!$E24 -> 21st Cen Lit | AQ24: ='Gen CP'!$E24 -> 21st Cen Lit | AS24: ='Gen CP'!$E24 -> 21st Cen Lit | AU24: ='Gen CP'!$E24 -> 21st Cen Lit | AW24: 11:10-12:00 | AY24: ='Gen CP'!$F24 -> Earth & Life | BA24: ='Gen CP'!$F24 -> Earth & Life | BC24: ='Gen CP'!$F24 -> Earth & Life | BE24: ='Gen CP'!$F24 -> Earth & Life | BG24: ='Gen CP'!$F24 -> Earth & Life | BI24: 11:10-12:00 | BK24: ='Gen CP'!$G24 -> Oral Com | BM24: P.E. | BO24: ='Gen CP'!$G24 -> Oral Com | BQ24: ='Gen CP'!$G24 -> Oral Com | BS24: ='Gen CP'!$G24 -> Oral Com | BU24: 11:10-12:00 | BW24: ='Gen CP'!$H24 -> Gen Math | BY24: ='Gen CP'!$H24 -> Gen Math | CA24: ='Gen CP'!$H24 -> Gen Math | CC24: ='Gen CP'!$H24 -> Gen Math | CE24: ='Gen CP'!$H24 -> Gen Math | CG24: 11:10-12:00 | CI24: ='Gen CP'!$I24 -> Kom Pan | CK24: ='Gen CP'!$I24 -> Kom Pan | CM24: ='Gen CP'!$I24 -> Kom Pan | CO24: ='Gen CP'!$I24 -> Kom Pan | CQ24: ='Gen CP'!$I24 -> Kom Pan | CS24: 11:10-12:00 | CU24: ='Gen CP'!$J24 -> Oral Com | CW24: ='Gen CP'!$J24 -> Oral Com | CY24: ='Gen CP'!$J24 -> Oral Com | DA24: P.E. | DC24: ='Gen CP'!$J24 -> Oral Com | DE24: 11:10-12:00 | DG24: ='Gen CP'!$K24 -> Creative Writing | DI24: ='Gen CP'!$K24 -> Creative Writing | DK24: ='Gen CP'!$K24 -> Creative Writing | DM24: ='Gen CP'!$K24 -> Creative Writing | DO24: ='Gen CP'!$K24 -> Creative Writing | DQ24: 11:10-12:00 | DS24: ='Gen CP'!$L24 -> Gen Math | DU24: ='Gen CP'!$L24 -> Gen Math | DW24: ='Gen CP'!$L24 -> Gen Math | DY24: ='Gen CP'!$L24 -> Gen Math | EA24: ='Gen CP'!$L24 -> Gen Math | EC24: 1:00 -2:00 | EE24: ='Gen CP'!$M24 -> 0 | EG24: ='Gen CP'!$M24 -> 0 | EI24: ='Gen CP'!$M24 -> 0 | EK24: ='Gen CP'!$M24 -> 0 | EM24: ='Gen CP'!$M24 -> 0 | EO24: 1:00 -2:00 | EP24: 60 | FA24: 1:00 -2:00 | FB24: 60 | FM24: 1:00 -2:00 | FN24: 60 | FY24: 1:00 -2:00
C25: ='Gen CP'!$B25 -> Orgil E | E25: ='Gen CP'!$B25 -> Orgil E | G25: ='Gen CP'!$B25 -> Orgil E | I25: ='Gen CP'!$B25 -> Orgil E | K25: ='Gen CP'!$B25 -> Orgil E | O25: ='Gen CP'!$C25 -> Estrella R | Q25: ='Gen CP'!$C25 -> Estrella R | S25: ='Gen CP'!$C25 -> Estrella R | U25: ='Gen CP'!$C25 -> Estrella R | W25: ='Gen CP'!$C25 -> Estrella R | AA25: ='Gen CP'!$D25 -> Reyes D | AC25: ='Gen CP'!$D25 -> Reyes D | AE25: ='Gen CP'!$D25 -> Reyes D | AG25: ='Gen CP'!$D25 -> Reyes D | AI25: ='Gen CP'!$D25 -> Reyes D | AM25: ='Gen CP'!$E25 -> Crisostomo R | AO25: ='Gen CP'!$E25 -> Crisostomo R | AQ25: ='Gen CP'!$E25 -> Crisostomo R | AS25: ='Gen CP'!$E25 -> Crisostomo R | AU25: ='Gen CP'!$E25 -> Crisostomo R | AY25: ='Gen CP'!$F25 -> Marcelo OJ | BA25: ='Gen CP'!$F25 -> Marcelo OJ | BC25: ='Gen CP'!$F25 -> Marcelo OJ | BE25: ='Gen CP'!$F25 -> Marcelo OJ | BG25: ='Gen CP'!$F25 -> Marcelo OJ | BK25: ='Gen CP'!$G25 -> Sagnip M | BM25: Guerrero LG | BO25: ='Gen CP'!$G25 -> Sagnip M | BQ25: ='Gen CP'!$G25 -> Sagnip M | BS25: ='Gen CP'!$G25 -> Sagnip M | BW25: ='Gen CP'!$H25 -> Domingo V | BY25: ='Gen CP'!$H25 -> Domingo V | CA25: ='Gen CP'!$H25 -> Domingo V | CC25: ='Gen CP'!$H25 -> Domingo V | CE25: ='Gen CP'!$H25 -> Domingo V | CI25: ='Gen CP'!$I25 -> Pascua I | CK25: ='Gen CP'!$I25 -> Pascua I | CM25: ='Gen CP'!$I25 -> Pascua I | CO25: ='Gen CP'!$I25 -> Pascua I | CQ25: ='Gen CP'!$I25 -> Pascua I | CU25: ='Gen CP'!$J25 -> Coronel R | CW25: ='Gen CP'!$J25 -> Coronel R | CY25: ='Gen CP'!$J25 -> Coronel R | DA25: Guerrero LG | DC25: ='Gen CP'!$J25 -> Coronel R | DG25: ='Gen CP'!$K25 -> Sarmiento F | DI25: ='Gen CP'!$K25 -> Sarmiento F | DK25: ='Gen CP'!$K25 -> Sarmiento F | DM25: ='Gen CP'!$K25 -> Sarmiento F | DO25: ='Gen CP'!$K25 -> Sarmiento F | DS25: ='Gen CP'!$L25 -> Lorenzana C | DU25: ='Gen CP'!$L25 -> Lorenzana C | DW25: ='Gen CP'!$L25 -> Lorenzana C | DY25: ='Gen CP'!$L25 -> Lorenzana C | EA25: ='Gen CP'!$L25 -> Lorenzana C | EE25: ='Gen CP'!$M25 -> 0 | EG25: ='Gen CP'!$M25 -> 0 | EI25: ='Gen CP'!$M25 -> 0 | EK25: ='Gen CP'!$M25 -> 0 | EM25: ='Gen CP'!$M25 -> 0
A26: 12:00-1:00 | B26: LUNCH | M26: 12:00-1:00 | N26: LUNCH | Y26: 12:00-1:00 | Z26: LUNCH | AK26: 12:00-1:00 | AL26: LUNCH | AW26: 12:00-1:00 | AX26: LUNCH | BI26: 12:00-1:00 | BJ26: LUNCH | BU26: 12:00-1:00 | BV26: LUNCH | CG26: 12:00-1:00 | CH26: LUNCH | CS26: 12:00-1:00 | CT26: LUNCH | DE26: 12:00-1:00 | DF26: LUNCH | DQ26: 12:00-1:00 | DR26: LUNCH | EC26: 12:00-1:00 | ED26: LUNCH
A27: 1:00-1:50 | C27: ='Gen CP'!$B27 -> Kom Pan | E27: ='Gen CP'!$B27 -> Kom Pan | G27: ='Gen CP'!$B27 -> Kom Pan | I27: ='Gen CP'!$B27 -> Kom Pan | K27: ='Gen CP'!$B27 -> Kom Pan | M27: 1:00-1:50 | O27: ='Gen CP'!$C27 -> Earth & Life | Q27: ='Gen CP'!$C27 -> Earth & Life | S27: ='Gen CP'!$C27 -> Earth & Life | U27: ='Gen CP'!$C27 -> Earth & Life | W27: ='Gen CP'!$C27 -> Earth & Life | Y27: 1:00-1:50 | AA27: ='Gen CP'!$D27 -> MIL | AC27: ='Gen CP'!$D27 -> MIL | AE27: ='Gen CP'!$D27 -> MIL | AG27: ='Gen CP'!$D27 -> MIL | AI27: ='Gen CP'!$D27 -> MIL | AK27: 1:00-1:50 | AM27: ='Gen CP'!$E27 -> Emp Tech | AO27: ='Gen CP'!$E27 -> Emp Tech | AQ27: ='Gen CP'!$E27 -> Emp Tech | AS27: ='Gen CP'!$E27 -> Emp Tech | AU27: ='Gen CP'!$E27 -> Emp Tech | AW27: 1:00-1:50 | AY27: ='Gen CP'!$F27 -> Emp Tech | BA27: ='Gen CP'!$F27 -> Emp Tech | BC27: ='Gen CP'!$F27 -> Emp Tech | BE27: ='Gen CP'!$F27 -> Emp Tech | BG27: ='Gen CP'!$F27 -> Emp Tech | BI27: 1:00-1:50 | BK27: ='Gen CP'!$G27 -> Gen Math | BM27: ='Gen CP'!$G27 -> Gen Math | BO27: ='Gen CP'!$G27 -> Gen Math | BQ27: ='Gen CP'!$G27 -> Gen Math | BS27: ='Gen CP'!$G27 -> Gen Math | BU27: 1:00-1:50 | BW27: ='Gen CP'!$H27 -> Oral Com | BY27: ='Gen CP'!$H27 -> Oral Com | CA27: ='Gen CP'!$H27 -> Oral Com | CC27: ='Gen CP'!$H27 -> Oral Com | CE27: ='Gen CP'!$H27 -> Oral Com | CG27: 1:00-1:50 | CI27: ='Gen CP'!$I27 -> Emp Tech | CK27: ='Gen CP'!$I27 -> Emp Tech | CM27: ='Gen CP'!$I27 -> Emp Tech | CO27: ='Gen CP'!$I27 -> Emp Tech | CQ27: ='Gen CP'!$I27 -> Emp Tech | CS27: 1:00-1:50 | CU27: ='Gen CP'!$J27 -> Earth & Life | CW27: ='Gen CP'!$J27 -> Earth & Life | CY27: ='Gen CP'!$J27 -> Earth & Life | DA27: ='Gen CP'!$J27 -> Earth & Life | DC27: ='Gen CP'!$J27 -> Earth & Life | DE27: 1:00-1:50 | DG27: ='Gen CP'!$K27 -> Organ Man | DI27: ='Gen CP'!$K27 -> Organ Man | DK27: ='Gen CP'!$K27 -> Organ Man | DM27: ='Gen CP'!$K27 -> Organ Man | DO27: ='Gen CP'!$K27 -> Organ Man | DQ27: 1:00-1:50 | DS27: ='Gen CP'!$L27 -> Kom Pan | DU27: ='Gen CP'!$L27 -> Kom Pan | DW27: ='Gen CP'!$L27 -> Kom Pan | DY27: ='Gen CP'!$L27 -> Kom Pan | EA27: ='Gen CP'!$L27 -> Kom Pan | EC27: 2:00-3:00 | EE27: ='Gen CP'!$M27 -> 0 | EG27: ='Gen CP'!$M27 -> 0 | EI27: ='Gen CP'!$M27 -> 0 | EK27: ='Gen CP'!$M27 -> 0 | EM27: ='Gen CP'!$M27 -> 0 | EO27: 2:00-3:00 | EP27: 60 | FA27: 2:00-3:00 | FB27: 60 | FM27: 2:00-3:00 | FN27: 60 | FY27: 2:00-3:00
C28: ='Gen CP'!$B28 -> Aguilar EM | E28: ='Gen CP'!$B28 -> Aguilar EM | G28: ='Gen CP'!$B28 -> Aguilar EM | I28: ='Gen CP'!$B28 -> Aguilar EM | K28: ='Gen CP'!$B28 -> Aguilar EM | O28: ='Gen CP'!$C28 -> Marcelo OJ | Q28: ='Gen CP'!$C28 -> Marcelo OJ | S28: ='Gen CP'!$C28 -> Marcelo OJ | U28: ='Gen CP'!$C28 -> Marcelo OJ | W28: ='Gen CP'!$C28 -> Marcelo OJ | AA28: ='Gen CP'!$D28 -> Coronel R | AC28: ='Gen CP'!$D28 -> Coronel R | AE28: ='Gen CP'!$D28 -> Coronel R | AG28: ='Gen CP'!$D28 -> Coronel R | AI28: ='Gen CP'!$D28 -> Coronel R | AM28: ='Gen CP'!$E28 -> Reyes D | AO28: ='Gen CP'!$E28 -> Reyes D | AQ28: ='Gen CP'!$E28 -> Reyes D | AS28: ='Gen CP'!$E28 -> Reyes D | AU28: ='Gen CP'!$E28 -> Reyes D | AY28: ='Gen CP'!$F28 -> Mercado R | BA28: ='Gen CP'!$F28 -> Mercado R | BC28: ='Gen CP'!$F28 -> Mercado R | BE28: ='Gen CP'!$F28 -> Mercado R | BG28: ='Gen CP'!$F28 -> Mercado R | BK28: ='Gen CP'!$G28 -> Domingo V | BM28: ='Gen CP'!$G28 -> Domingo V | BO28: ='Gen CP'!$G28 -> Domingo V | BQ28: ='Gen CP'!$G28 -> Domingo V | BS28: ='Gen CP'!$G28 -> Domingo V | BW28: ='Gen CP'!$H28 -> Sagnip M | BY28: ='Gen CP'!$H28 -> Sagnip M | CA28: ='Gen CP'!$H28 -> Sagnip M | CC28: ='Gen CP'!$H28 -> Sagnip M | CE28: ='Gen CP'!$H28 -> Sagnip M | CI28: ='Gen CP'!$I28 -> Guerrero LG | CK28: ='Gen CP'!$I28 -> Guerrero LG | CM28: ='Gen CP'!$I28 -> Guerrero LG | CO28: ='Gen CP'!$I28 -> Guerrero LG | CQ28: ='Gen CP'!$I28 -> Guerrero LG | CU28: ='Gen CP'!$J28 -> Almazan AD | CW28: ='Gen CP'!$J28 -> Almazan AD | CY28: ='Gen CP'!$J28 -> Almazan AD | DA28: ='Gen CP'!$J28 -> Almazan AD | DC28: ='Gen CP'!$J28 -> Almazan AD | DG28: ='Gen CP'!$K28 -> Almadin H | DI28: ='Gen CP'!$K28 -> Almadin H | DK28: ='Gen CP'!$K28 -> Almadin H | DM28: ='Gen CP'!$K28 -> Almadin H | DO28: ='Gen CP'!$K28 -> Almadin H | DS28: ='Gen CP'!$L28 -> Pascua I | DU28: ='Gen CP'!$L28 -> Pascua I | DW28: ='Gen CP'!$L28 -> Pascua I | DY28: ='Gen CP'!$L28 -> Pascua I | EA28: ='Gen CP'!$L28 -> Pascua I | EE28: ='Gen CP'!$M28 -> 0 | EG28: ='Gen CP'!$M28 -> 0 | EI28: ='Gen CP'!$M28 -> 0 | EK28: ='Gen CP'!$M28 -> 0 | EM28: ='Gen CP'!$M28 -> 0
A29: 1:50-2:40 | C29: ='Gen CP'!$B29 -> Emp Tech | E29: ='Gen CP'!$B29 -> Emp Tech | G29: ='Gen CP'!$B29 -> Emp Tech | I29: ='Gen CP'!$B29 -> Emp Tech | K29: ='Gen CP'!$B29 -> Emp Tech | M29: 1:50-2:40 | O29: ='Gen CP'!$C29 -> Emp Tech | Q29: ='Gen CP'!$C29 -> Emp Tech | S29: ='Gen CP'!$C29 -> Emp Tech | U29: ='Gen CP'!$C29 -> Emp Tech | W29: ='Gen CP'!$C29 -> Emp Tech | Y29: 1:50-2:40 | AA29: ='Gen CP'!$D29 -> Earth & Life | AC29: ='Gen CP'!$D29 -> Earth & Life | AE29: ='Gen CP'!$D29 -> Earth & Life | AG29: ='Gen CP'!$D29 -> Earth & Life | AI29: ='Gen CP'!$D29 -> Earth & Life | AK29: 1:50-2:40 | AM29: ='Gen CP'!$E29 -> Gen Math | AO29: ='Gen CP'!$E29 -> Gen Math | AQ29: ='Gen CP'!$E29 -> Gen Math | AS29: ='Gen CP'!$E29 -> Gen Math | AU29: ='Gen CP'!$E29 -> Gen Math | AW29: 1:50-2:40 | AY29: ='Gen CP'!$F29 -> MIL | BA29: ='Gen CP'!$F29 -> MIL | BC29: ='Gen CP'!$F29 -> MIL | BE29: ='Gen CP'!$F29 -> MIL | BG29: 21st Cen Lit | BI29: 1:50-2:40 | BK29: ='Gen CP'!$G29 -> Kom Pan | BM29: ='Gen CP'!$G29 -> Kom Pan | BO29: ='Gen CP'!$G29 -> Kom Pan | BQ29: ='Gen CP'!$G29 -> Kom Pan | BS29: ='Gen CP'!$G29 -> Kom Pan | BU29: 1:50-2:40 | BW29: ='Gen CP'!$H29 -> Kom Pan | BY29: ='Gen CP'!$H29 -> Kom Pan | CA29: ='Gen CP'!$H29 -> Kom Pan | CC29: ='Gen CP'!$H29 -> Kom Pan | CE29: Agri-Crops NC II | CG29: 1:50-2:40 1:50-2:50 | CI29: ='Gen CP'!$I29 -> UCSP | CK29: ='Gen CP'!$I29 -> UCSP | CM29: ='Gen CP'!$I29 -> UCSP | CO29: ='Gen CP'!$I29 -> UCSP | CQ29: ='Gen CP'!$I29 -> UCSP | CS29: 1:50-2:40 | CU29: ='Gen CP'!$J29 -> UCSP | CW29: ='Gen CP'!$J29 -> UCSP | CY29: ='Gen CP'!$J29 -> UCSP | DA29: ='Gen CP'!$J29 -> UCSP | DC29: ='Gen CP'!$J29 -> UCSP | DE29: 1:50-2:40 | DG29: ='Gen CP'!$K29 -> Oral Com | DI29: ='Gen CP'!$K29 -> Oral Com | DK29: ='Gen CP'!$K29 -> Oral Com | DM29: ='Gen CP'!$K29 -> Oral Com | DO29: ='Gen CP'!$K29 -> Oral Com | DQ29: 2:10-3:00 | DS29: ='Gen CP'!$L29 -> Emp Tech | DU29: ='Gen CP'!$L29 -> Emp Tech | DW29: ='Gen CP'!$L29 -> Emp Tech | DY29: ='Gen CP'!$L29 -> Emp Tech | EA29: ='Gen CP'!$L29 -> Emp Tech | EC29: 3:00-4:00 | EE29: ='Gen CP'!$M29 -> 0 | EG29: ='Gen CP'!$M29 -> 0 | EI29: ='Gen CP'!$M29 -> 0 | EK29: ='Gen CP'!$M29 -> 0 | EM29: ='Gen CP'!$M29 -> 0 | EO29: 3:00-4:00 | EY29: Flag Retreat | FA29: 3:00-4:00 | FK29: Flag Retreat | FM29: 3:00-4:00 | FW29: Flag Retreat | FY29: 3:00-4:00
C30: ='Gen CP'!$B30 -> Mercado R | E30: ='Gen CP'!$B30 -> Mercado R | G30: ='Gen CP'!$B30 -> Mercado R | I30: ='Gen CP'!$B30 -> Mercado R | K30: ='Gen CP'!$B30 -> Mercado R | O30: ='Gen CP'!$C30 -> Guerrero LG | Q30: ='Gen CP'!$C30 -> Guerrero LG | S30: ='Gen CP'!$C30 -> Guerrero LG | U30: ='Gen CP'!$C30 -> Guerrero LG | W30: ='Gen CP'!$C30 -> Guerrero LG | AA30: ='Gen CP'!$D30 -> Almazan AD | AC30: ='Gen CP'!$D30 -> Almazan AD | AE30: ='Gen CP'!$D30 -> Almazan AD | AG30: ='Gen CP'!$D30 -> Almazan AD | AI30: ='Gen CP'!$D30 -> Almazan AD | AM30: ='Gen CP'!$E30 -> Lorenzana C | AO30: ='Gen CP'!$E30 -> Lorenzana C | AQ30: ='Gen CP'!$E30 -> Lorenzana C | AS30: ='Gen CP'!$E30 -> Lorenzana C | AU30: ='Gen CP'!$E30 -> Lorenzana C | AY30: ='Gen CP'!$F30 -> Coronel R | BA30: ='Gen CP'!$F30 -> Coronel R | BC30: ='Gen CP'!$F30 -> Coronel R | BE30: ='Gen CP'!$F30 -> Coronel R | BG30: R.Valdez | BK30: ='Gen CP'!$G30 -> Pascua I | BM30: ='Gen CP'!$G30 -> Pascua I | BO30: ='Gen CP'!$G30 -> Pascua I | BQ30: ='Gen CP'!$G30 -> Pascua I | BS30: ='Gen CP'!$G30 -> Pascua I | BW30: ='Gen CP'!$H30 -> Aguilar EM | BY30: ='Gen CP'!$H30 -> Aguilar EM | CA30: ='Gen CP'!$H30 -> Aguilar EM | CC30: ='Gen CP'!$H30 -> Aguilar EM | CE30: D Reyes | CI30: ='Gen CP'!$I30 -> Mamaid MC | CK30: ='Gen CP'!$I30 -> Mamaid MC | CM30: ='Gen CP'!$I30 -> Mamaid MC | CO30: ='Gen CP'!$I30 -> Mamaid MC | CQ30: ='Gen CP'!$I30 -> Mamaid MC | CU30: ='Gen CP'!$J30 -> Estrella R | CW30: ='Gen CP'!$J30 -> Estrella R | CY30: ='Gen CP'!$J30 -> Estrella R | DA30: ='Gen CP'!$J30 -> Estrella R | DC30: ='Gen CP'!$J30 -> Estrella R | DG30: ='Gen CP'!$K30 -> Tamondong A | DI30: ='Gen CP'!$K30 -> Tamondong A | DK30: ='Gen CP'!$K30 -> Tamondong A | DM30: ='Gen CP'!$K30 -> Tamondong A | DO30: ='Gen CP'!$K30 -> Tamondong A | DS30: ='Gen CP'!$L30 -> Reyes D | DU30: ='Gen CP'!$L30 -> Reyes D | DW30: ='Gen CP'!$L30 -> Reyes D | DY30: ='Gen CP'!$L30 -> Reyes D | EA30: ='Gen CP'!$L30 -> Reyes D | EE30: ='Gen CP'!$M30 -> 0 | EG30: ='Gen CP'!$M30 -> 0 | EI30: ='Gen CP'!$M30 -> 0 | EK30: ='Gen CP'!$M30 -> 0 | EM30: ='Gen CP'!$M30 -> 0
A31: 2:40-3:00 | B31: RECESS | M31: 2:40-3:00 | N31: RECESS | Y31: 2:40-3:00 | Z31: RECESS | AK31: 2:40-3:00 | AL31: RECESS | AW31: 2:40-3:00 | AX31: RECESS | BI31: 2:40-3:00 | BJ31: RECESS | BU31: 2:40-3:00 | BV31: RECESS | CG31: 2:40-3:10 | CH31: RECESS | CS31: 2:40-3:10 | CT31: RECESS | DE31: 2:40-3:10 | DF31: RECESS | DQ31: 2:40-3:00 | DR31: RECESS | EC31: 2:40-3:10 | ED31: RECESS | EM31: Room and Ground Improvement
A32: 3:00-4:00 | C32: ='Gen CP'!$B32 -> Oral Com | E32: ='Gen CP'!$B32 -> Oral Com | G32: ='Gen CP'!$B32 -> Oral Com | I32: ='Gen CP'!$B32 -> Oral Com | K32: =K14 -> Earth Science | M32: 3:00-4:00 | O32: ='Gen CP'!$C32 -> Oral Com | Q32: ='Gen CP'!$C32 -> Oral Com | S32: ='Gen CP'!$C32 -> Oral Com | U32: ='Gen CP'!$C32 -> Oral Com | W32: =W14 -> MIL | Y32: 3:00-4:00 | AA32: ='Gen CP'!$D32 -> Gen Math | AC32: ='Gen CP'!$D32 -> Gen Math | AE32: ='Gen CP'!$D32 -> Gen Math | AG32: ='Gen CP'!$D32 -> Gen Math | AI32: =AI14 -> Oral Com | AK32: 3:00-4:00 | AM32: ='Gen CP'!$E32 -> Kom Pan | AO32: ='Gen CP'!$E32 -> Kom Pan | AQ32: ='Gen CP'!$E32 -> Kom Pan | AS32: ='Gen CP'!$E32 -> Kom Pan | AU32: =AU14 -> UCSP | AW32: 3:00-4:00 | AY32: ='Gen CP'!$F32 -> UCSP | BA32: ='Gen CP'!$F32 -> UCSP | BC32: ='Gen CP'!$F32 -> UCSP | BE32: ='Gen CP'!$F32 -> UCSP | BG32: =BG14 -> Kom Pan | BI32: 3:00-4:00 | BK32: ='Gen CP'!$G32 -> 21st Cen Lit | BM32: ='Gen CP'!$G32 -> 21st Cen Lit | BO32: ='Gen CP'!$G32 -> 21st Cen Lit | BQ32: ='Gen CP'!$G32 -> 21st Cen Lit | BS32: =BS14 -> UCSP | BU32: 3:00-4:00 | BW32: ='Gen CP'!$H32 -> Emp Tech | BY32: ='Gen CP'!$H32 -> Emp Tech | CA32: ='Gen CP'!$H32 -> Emp Tech | CC32: ='Gen CP'!$H32 -> Emp Tech | CE32: =CE14 -> Agri-Crops NC II | CG32: 3:10-4:00 | CI32: ='Gen CP'!$I32 -> Gen Math | CK32: ='Gen CP'!$I32 -> Gen Math | CM32: ='Gen CP'!$I32 -> Gen Math | CO32: ='Gen CP'!$I32 -> Gen Math | CQ32: =CQ14 -> Earth & Life | CS32: 3:10-4:00 | CU32: ='Gen CP'!$J32 -> Kom Pan | CW32: ='Gen CP'!$J32 -> Kom Pan | CY32: ='Gen CP'!$J32 -> Kom Pan | DA32: ='Gen CP'!$J32 -> Kom Pan | DC32: =DC14 -> Emp Tech | DE32: 3:10-4:00 | DG32: ='Gen CP'!$K32 -> Emp Tech | DI32: ='Gen CP'!$K32 -> Emp Tech | DK32: ='Gen CP'!$K32 -> Emp Tech | DM32: ='Gen CP'!$K32 -> Emp Tech | DO32: =DO14 -> UCSP | DQ32: 3:00-4:00 | DS32: ='Gen CP'!$L32 -> UCSP | DU32: ='Gen CP'!$L32 -> UCSP | DW32: ='Gen CP'!$L32 -> UCSP | DY32: ='Gen CP'!$L32 -> UCSP | EA32: =EA14 -> Food and Beverage | EC32: 4:00-5:00 | EE32: ='Gen CP'!$M32 -> 0 | EG32: ='Gen CP'!$M32 -> 0 | EI32: ='Gen CP'!$M32 -> 0 | EK32: ='Gen CP'!$M32 -> 0 | EO32: 4:00-5:00 | EP32: 60 | FA32: 4:00-5:00 | FB32: 60 | FM32: 4:00-5:00 | FN32: 60 | FY32: 4:00-5:00
C33: ='Gen CP'!$B33 -> Coronel R | E33: ='Gen CP'!$B33 -> Coronel R | G33: ='Gen CP'!$B33 -> Coronel R | I33: ='Gen CP'!$B33 -> Coronel R | K33: =K15 -> Hierco M | O33: ='Gen CP'!$C33 -> Sagnip M | Q33: ='Gen CP'!$C33 -> Sagnip M | S33: ='Gen CP'!$C33 -> Sagnip M | U33: ='Gen CP'!$C33 -> Sagnip M | W33: =W15 -> Coronel R | AA33: ='Gen CP'!$D33 -> Lorenzana C | AC33: ='Gen CP'!$D33 -> Lorenzana C | AE33: ='Gen CP'!$D33 -> Lorenzana C | AG33: ='Gen CP'!$D33 -> Lorenzana C | AI33: =AI15 -> Sagnip M | AM33: ='Gen CP'!$E33 -> Aguilar EM | AO33: ='Gen CP'!$E33 -> Aguilar EM | AQ33: ='Gen CP'!$E33 -> Aguilar EM | AS33: ='Gen CP'!$E33 -> Aguilar EM | AU33: =AU15 -> Estrella R | AY33: ='Gen CP'!$F33 -> Estrella R | BA33: ='Gen CP'!$F33 -> Estrella R | BC33: ='Gen CP'!$F33 -> Estrella R | BE33: ='Gen CP'!$F33 -> Estrella R | BG33: =BG15 -> Aguilar EM | BK33: ='Gen CP'!$G33 -> Crisostomo R | BM33: ='Gen CP'!$G33 -> Crisostomo R | BO33: ='Gen CP'!$G33 -> Crisostomo R | BQ33: ='Gen CP'!$G33 -> Crisostomo R | BS33: =BS15 -> Mamaid MC | BW33: ='Gen CP'!$H33 -> Reyes D | BY33: ='Gen CP'!$H33 -> Reyes D | CA33: ='Gen CP'!$H33 -> Reyes D | CC33: ='Gen CP'!$H33 -> Reyes D | CE33: =CE15 -> Reyes D | CI33: ='Gen CP'!$I33 -> Almazan AD | CK33: ='Gen CP'!$I33 -> Almazan AD | CM33: ='Gen CP'!$I33 -> Almazan AD | CO33: ='Gen CP'!$I33 -> Almazan AD | CQ33: =CQ15 -> Almazan AD | CU33: ='Gen CP'!$J33 -> Pascua I | CW33: ='Gen CP'!$J33 -> Pascua I | CY33: ='Gen CP'!$J33 -> Pascua I | DA33: ='Gen CP'!$J33 -> Pascua I | DC33: =DC15 -> Guerrero LG | DG33: ='Gen CP'!$K33 -> Mercado R | DI33: ='Gen CP'!$K33 -> Mercado R | DK33: ='Gen CP'!$K33 -> Mercado R | DM33: ='Gen CP'!$K33 -> Mercado R | DO33: =DO15 -> Valdez R | DS33: ='Gen CP'!$L33 -> Mamaid MC | DU33: ='Gen CP'!$L33 -> Mamaid MC | DW33: ='Gen CP'!$L33 -> Mamaid MC | DY33: ='Gen CP'!$L33 -> Mamaid MC | EA33: =EA15 -> Maniquiz T | EE33: ='Gen CP'!$M33 -> 0 | EG33: ='Gen CP'!$M33 -> 0 | EI33: ='Gen CP'!$M33 -> 0 | EK33: ='Gen CP'!$M33 -> 0
A36: Prepared by: | I36: Approved by: | M36: Prepared by: | U36: Approved by: | Y36: Prepared by: | AG36: Approved by: | AK36: Prepared by: | AS36: Approved by: | AW36: Prepared by: | BE36: Approved by: | BI36: Prepared by: | BQ36: Approved by: | BU36: Prepared by: | CC36: Approved by: | CG36: Prepared by: | CO36: Approved by: | CS36: Prepared by: | DA36: Approved by: | DE36: Prepared by: | DM36: Approved by: | DQ36: Prepared by: | DY36: Approved by: | EC36: Prepared by: | EK36: Approved by: | EO36: Prepared by: | EW36: Approved by: | FA36: Prepared by: | FI36: Approved by: | FM36: Prepared by: | FU36: Approved by: | FY36: Prepared by: | GG36: Approved by:
B38: ='Gen CP'!H42 -> MELANIE J. YAMBOT | J38: ='Gen CP'!N42 -> AURORA T. AGUILA | N38: =B38 -> MELANIE J. YAMBOT | V38: =J38 -> AURORA T. AGUILA | Z38: =N38 -> MELANIE J. YAMBOT | AH38: =V38 -> AURORA T. AGUILA | AL38: =Z38 -> MELANIE J. YAMBOT | AT38: =AH38 -> AURORA T. AGUILA | AX38: =AL38 -> MELANIE J. YAMBOT | BF38: =AT38 -> AURORA T. AGUILA | BJ38: =AX38 -> MELANIE J. YAMBOT | BR38: =BF38 -> AURORA T. AGUILA | BV38: =BJ38 -> MELANIE J. YAMBOT | CD38: =BR38 -> AURORA T. AGUILA | CH38: =BV38 -> MELANIE J. YAMBOT | CP38: =CD38 -> AURORA T. AGUILA | CT38: =CH38 -> MELANIE J. YAMBOT | DB38: =CP38 -> AURORA T. AGUILA | DF38: =CT38 -> MELANIE J. YAMBOT | DN38: =DB38 -> AURORA T. AGUILA | DR38: =DF38 -> MELANIE J. YAMBOT | DZ38: =DN38 -> AURORA T. AGUILA | ED38: =DR38 -> MELANIE J. YAMBOT | EL38: =DZ38 -> AURORA T. AGUILA | EP38: EDISON V. ORGIL | EX38: AURORA T. AGUILA | FB38: EDISON V. ORGIL | FJ38: AURORA T. AGUILA | FN38: EDISON V. ORGIL | FV38: AURORA T. AGUILA | FZ38: =ED38 -> MELANIE J. YAMBOT | GH38: =EL38 -> AURORA T. AGUILA
B39: ='Gen CP'!H43 -> OIC Assistant Principal II | J39: ='Gen CP'!N43 -> School Principal IV | N39: =B39 -> OIC Assistant Principal II | V39: =J39 -> School Principal IV | Z39: =N39 -> OIC Assistant Principal II | AH39: =V39 -> School Principal IV | AL39: =Z39 -> OIC Assistant Principal II | AT39: =AH39 -> School Principal IV | AX39: =AL39 -> OIC Assistant Principal II | BF39: =AT39 -> School Principal IV | BJ39: =AX39 -> OIC Assistant Principal II | BR39: =BF39 -> School Principal IV | BV39: =BJ39 -> OIC Assistant Principal II | CD39: =BR39 -> School Principal IV | CH39: =BV39 -> OIC Assistant Principal II | CP39: =CD39 -> School Principal IV | CT39: =CH39 -> OIC Assistant Principal II | DB39: =CP39 -> School Principal IV | DF39: =CT39 -> OIC Assistant Principal II | DN39: =DB39 -> School Principal IV | DR39: =DF39 -> OIC Assistant Principal II | DZ39: =DN39 -> School Principal IV | ED39: =DR39 -> OIC Assistant Principal II | EL39: =DZ39 -> School Principal IV | EP39: OIC-Assistant Principal II | EX39: School Principal IV | FB39: OIC-Assistant Principal II | FJ39: School Principal IV | FN39: OIC-Assistant Principal II | FV39: School Principal IV | FZ39: =ED39 -> OIC Assistant Principal II | GH39: =EL39 -> School Principal IV
A40: Republic of the Philippines | M40: Republic of the Philippines | Y40: Republic of the Philippines | AK40: Republic of the Philippines | BI40: Republic of the Philippines | BU40: Republic of the Philippines | CG40: Republic of the Philippines | CS40: Republic of the Philippines | DE40: Republic of the Philippines | DQ40: Republic of the Philippines | EC40: Republic of the Philippines | EO40: Republic of the Philippines | FA40: Republic of the Philippines | FM40: Republic of the Philippines | FY40: Republic of the Philippines
A41: Region III | M41: Region III | Y41: Region III | AK41: Region III | AW41: Region III | BI41: Region III | BU41: Region III | CG41: Region III | CS41: Region III | DE41: Region III | DQ41: Region III | EC41: Region III | EO41: Region III | FA41: Region III | FM41: Region III | FY41: Region III
A42: Schools Division of Nueva Ecija | M42: Schools Division of Nueva Ecija | Y42: Schools Division of Nueva Ecija | AK42: Schools Division of Nueva Ecija | BI42: Schools Division of Nueva Ecija | BU42: Schools Division of Nueva Ecija | CG42: Schools Division of Nueva Ecija | CS42: Schools Division of Nueva Ecija | DE42: Schools Division of Nueva Ecija | DQ42: Schools Division of Nueva Ecija | EC42: Schools Division of Nueva Ecija | EO42: Schools Division of Nueva Ecija | FA42: Schools Division of Nueva Ecija | FM42: Schools Division of Nueva Ecija | FY42: Schools Division of Nueva Ecija
A43: SHS-JULIA ORTIZ LUIS NATIONAL HIGH SCHOOL | M43: SHS-JULIA ORTIZ LUIS NATIONAL HIGH SCHOOL | Y43: SHS-JULIA ORTIZ LUIS NATIONAL HIGH SCHOOL | AK43: SHS-JULIA ORTIZ LUIS NATIONAL HIGH SCHOOL | AW43: SHS-JULIA ORTIZ LUIS NATIONAL HIGH SCHOOL | BI43: SHS-JULIA ORTIZ LUIS NATIONAL HIGH SCHOOL | BU43: SHS-JULIA ORTIZ LUIS NATIONAL HIGH SCHOOL | CG43: SHS-JULIA ORTIZ LUIS NATIONAL HIGH SCHOOL | CS43: SHS-JULIA ORTIZ LUIS NATIONAL HIGH SCHOOL | DE43: SHS-JULIA ORTIZ LUIS NATIONAL HIGH SCHOOL | DQ43: SHS-JULIA ORTIZ LUIS NATIONAL HIGH SCHOOL | EC43: SHS-JULIA ORTIZ LUIS NATIONAL HIGH SCHOOL | EO43: SHS-JULIA ORTIZ LUIS NATIONAL HIGH SCHOOL | FA43: SHS-JULIA ORTIZ LUIS NATIONAL HIGH SCHOOL | FM43: SHS-JULIA ORTIZ LUIS NATIONAL HIGH SCHOOL | FY43: SHS-JULIA ORTIZ LUIS NATIONAL HIGH SCHOOL
A44: Sagaba, Sto. Domongo, Nueva Ecija | M44: Sagaba, Sto. Domongo, Nueva Ecija | Y44: Sagaba, Sto. Domongo, Nueva Ecija | AK44: Sagaba, Sto. Domongo, Nueva Ecija | AW44: Sagaba, Sto. Domongo, Nueva Ecija | BI44: Sagaba, Sto. Domongo, Nueva Ecija | BU44: Sagaba, Sto. Domongo, Nueva Ecija | CG44: Sagaba, Sto. Domongo, Nueva Ecija | CS44: Sagaba, Sto. Domongo, Nueva Ecija | DE44: Sagaba, Sto. Domongo, Nueva Ecija | DQ44: Sagaba, Sto. Domongo, Nueva Ecija | EC44: Sagaba, Sto. Domongo, Nueva Ecija | EO44: Sagaba, Sto. Domongo, Nueva Ecija | FA44: Sagaba, Sto. Domongo, Nueva Ecija | FM44: Sagaba, Sto. Domongo, Nueva Ecija | FY44: Sagaba, Sto. Domongo, Nueva Ecija
A46: CLASS SCHEDULE | M46: CLASS SCHEDULE | Y46: CLASS SCHEDULE | AK46: CLASS SCHEDULE | AW46: CLASS SCHEDULE | BI46: CLASS SCHEDULE | BU46: CLASS SCHEDULE | CG46: CLASS SCHEDULE | CS46: CLASS SCHEDULE | DE46: CLASS SCHEDULE | DQ46: CLASS SCHEDULE | EC46: CLASS SCHEDULE | EO46: CLASS SCHEDULE | FA46: CLASS SCHEDULE | FM46: CLASS SCHEDULE | FY46: CLASS SCHEDULE
A47: Adviser: | B47: HAROLD A BARTOLOME,Ph,D, | I47: Grade 12-STEM A | M47: Adviser: | N47: EDISON V. ORGIL | U47: Grade 12-HumSS A | Y47: Adviser: | Z47: FERDINAND A SARMIENTO | AG47: Grade 12-HumSS B | AK47: Adviser: | AL47: HANNAH JHANE C ALMADIN | AS47: Grade 12-HumSS C | AW47: Adviser: | AX47: IMEEE R PASCUA | BE47: Grade 12-HumSS D | BI47: Adviser: | BJ47: RICHARD T CARILLO | BQ47: Grade 12-AFA | BU47: Adviser: | BV47: IRENEO L DE LEON | CC47: Grade 12-SMAW | CG47: Adviser: | CH47: RAYMOND DL MERCADO | CO47: Grade 12-ICT | CS47: Adviser: | CT47: VICTORINO B DOMINGO | DA47: Grade 12-GAS | DE47: Adviser: | DF47: JOY P GARDOCE | DM47: Grade 12 - H.E. | DQ47: Adviser: | EC47: Adviser: | EK47: Grade 12 STEM B | EO47: Adviser: | EP47: Romeo DR. Crisostomo | EW47: Grade 11-GAS | FA47: Adviser: | FB47: Romeo DR. Crisostomo | FI47: Grade 11-GAS | FM47: Adviser: | FN47: Romeo DR. Crisostomo | FU47: Grade 11-GAS | FY47: Adviser: | GG47: Grade 12-COOKERY/GAS B
B48: Master Teacher I | I48: =I9 -> First Semester S.Y. 2024-2025 | N48: Master Teacher II | U48: =I48 -> First Semester S.Y. 2024-2025 | Z48: Teacher II | AG48: =U48 -> First Semester S.Y. 2024-2025 | AL48: Teacher II | AS48: =AG48 -> First Semester S.Y. 2024-2025 | AX48: Teacher II | BE48: =AS48 -> First Semester S.Y. 2024-2025 | BJ48: Teacher III | BQ48: =BE48 -> First Semester S.Y. 2024-2025 | BV48: Master Teacher II | CC48: =BQ48 -> First Semester S.Y. 2024-2025 | CH48: Teacher II | CO48: =CC48 -> First Semester S.Y. 2024-2025 | CT48: Teacher III | DA48: =CO48 -> First Semester S.Y. 2024-2025 | DF48: Teacher II | DM48: =DA48 -> First Semester S.Y. 2024-2025 | DR48: Teacher II | DY48: =DM48 -> First Semester S.Y. 2024-2025 | ED48: Teacher II | EK48: =DY48 -> First Semester S.Y. 2024-2025 | EP48: Teacher II | EW48: First Semester S.Y. 2022-2023 | FB48: Teacher II | FI48: First Semester S.Y. 2022-2023 | FN48: Teacher II | FU48: First Semester S.Y. 2022-2023 | FZ48: Teacher II | GG48: =EK48 -> First Semester S.Y. 2024-2025
A50: Time | B50: No. of Minutes | C50: MONDAY | E50: TUESDAY | G50: WEDNESDAY | I50: THURSDAY | K50: FRIDAY | M50: Time | N50: No. of Minutes | O50: MONDAY | Q50: TUESDAY | S50: WEDNESDAY | U50: THURSDAY | W50: FRIDAY | Y50: Time | Z50: No. of Minutes | AA50: MONDAY | AC50: TUESDAY | AE50: WEDNESDAY | AG50: THURSDAY | AI50: FRIDAY | AK50: Time | AL50: No. of Minutes | AM50: MONDAY | AO50: TUESDAY | AQ50: WEDNESDAY | AS50: THURSDAY | AU50: FRIDAY | AW50: Time | AX50: No. of Minutes | AY50: MONDAY | BA50: TUESDAY | BC50: WEDNESDAY | BE50: THURSDAY | BG50: FRIDAY | BI50: Time | BJ50: No. of Minutes | BK50: MONDAY | BM50: TUESDAY | BO50: WEDNESDAY | BQ50: THURSDAY | BS50: FRIDAY | BU50: Time | BV50: No. of Minutes | BW50: MONDAY | BY50: TUESDAY | CA50: WEDNESDAY | CC50: THURSDAY | CE50: FRIDAY | CG50: Time | CH50: No. of Minutes | CI50: MONDAY | CK50: TUESDAY | CM50: WEDNESDAY | CO50: THURSDAY | CQ50: FRIDAY | CS50: Time | CT50: No. of Minutes | CU50: MONDAY | CW50: TUESDAY | CY50: WEDNESDAY | DA50: THURSDAY | DC50: FRIDAY | DE50: Time | DF50: No. of Minutes | DG50: MONDAY | DI50: TUESDAY | DK50: WEDNESDAY | DM50: THURSDAY | DO50: FRIDAY | DQ50: Time | DR50: No. of Minutes | DS50: MONDAY | DU50: TUESDAY | DW50: WEDNESDAY | DY50: THURSDAY | EA50: FRIDAY | EC50: Time | ED50: No. of Minutes | EE50: MONDAY | EG50: TUESDAY | EI50: WEDNESDAY | EK50: THURSDAY | EM50: FRIDAY | EO50: Time | EP50: No. of Minutes | EQ50: MONDAY | ES50: TUESDAY | EU50: WEDNESDAY | EW50: THURSDAY | EY50: FRIDAY | FA50: Time | FB50: No. of Minutes | FC50: MONDAY | FE50: TUESDAY | FG50: WEDNESDAY | FI50: THURSDAY | FK50: FRIDAY | FM50: Time | FN50: No. of Minutes | FO50: MONDAY | FQ50: TUESDAY | FS50: WEDNESDAY | FU50: THURSDAY | FW50: FRIDAY | FY50: Time | FZ50: No. of Minutes | GA50: MONDAY | GC50: TUESDAY | GE50: WEDNESDAY | GG50: THURSDAY | GI50: FRIDAY
A52: 7:00-7:20 | C52: PRELIMINARY ACTIVITIES | M52: 7:00-7:20 | O52: PRELIMINARY ACTIVITIES | Y52: 7:00-7:20 | AA52: PRELIMINARY ACTIVITIES | AK52: 7:00-7:20 | AM52: PRELIMINARY ACTIVITIES | AW52: 7:00-7:20 | AY52: PRELIMINARY ACTIVITIES | BI52: 7:00-7:20 | BK52: PRELIMINARY ACTIVITIES | BU52: 7:00-7:20 | BW52: PRELIMINARY ACTIVITIES | CG52: 7:00-7:20 | CI52: PRELIMINARY ACTIVITIES | CS52: 7:00-7:20 | CU52: PRELIMINARY ACTIVITIES | DE52: 7:00-7:20 | DG52: PRELIMINARY ACTIVITIES | DQ52: 7:00-7:20 | DS52: PRELIMINARY ACTIVITIES | EC52: 7:00-7:20 | EE52: PRELIMINARY ACTIVITIES | EO52: 7:00-7:30 | EQ52: PRELIMINARY ACTIVITIES | FA52: 7:00-7:30 | FC52: PRELIMINARY ACTIVITIES | FM52: 7:00-7:30 | FO52: PRELIMINARY ACTIVITIES | FY52: 7:00-7:20 | GA52: PRELIMINARY ACTIVITIES
A53: 7:20-8:10 | C53: HGP | E53: ='Gen CP'!$B58 -> Research 2 | G53: ='Gen CP'!$B58 -> Research 2 | I53: ='Gen CP'!$B58 -> Research 2 | K53: ='Gen CP'!$B58 -> Research 2 | M53: 7:20-8:10 | O53: HGP | Q53: ='Gen CP'!$C58 -> Philo | S53: ='Gen CP'!$C58 -> Philo | U53: ='Gen CP'!$C58 -> Philo | W53: ='Gen CP'!$C58 -> Philo | Y53: 7:20-8:10 | AA53: HGP | AC53: ='Gen CP'!$D58 -> Philo | AE53: ='Gen CP'!$D58 -> Philo | AG53: ='Gen CP'!$D58 -> Philo | AI53: ='Gen CP'!$D58 -> Philo | AK53: 7:20-8:10 | AM53: HGP | AO53: ='Gen CP'!$E58 -> PPG | AQ53: ='Gen CP'!$E58 -> PPG | AS53: ='Gen CP'!$E58 -> PPG | AU53: ='Gen CP'!$E58 -> PPG | AW53: 7:20-8:10 | AY53: HGP | BA53: ='Gen CP'!$F58 -> Piling Larang | BC53: ='Gen CP'!$F58 -> Piling Larang | BE53: ='Gen CP'!$F58 -> Piling Larang | BG53: ='Gen CP'!$F58 -> Piling Larang | BI53: 7:20-8:10 | BK53: HGP | BM53: ='Gen CP'!$G58 -> Philo | BO53: ='Gen CP'!$G58 -> Philo | BQ53: ='Gen CP'!$G58 -> Philo | BS53: ='Gen CP'!$G58 -> Philo | BU53: 7:20-8:10 | BW53: HGP | BY53: ='Gen CP'!$H58 -> CPAR | CA53: ='Gen CP'!$H58 -> CPAR | CC53: ='Gen CP'!$H58 -> CPAR | CE53: ='Gen CP'!$H58 -> CPAR | CG53: 7:20-8:10 | CI53: HGP | CK53: ='Gen CP'!$I58 -> CSS | CM53: ='Gen CP'!$I58 -> CSS | CO53: ='Gen CP'!$I58 -> CSS | CQ53: ='Gen CP'!$I58 -> CSS | CS53: 7:20-8:10 | CU53: HGP | CW53: ='Gen CP'!$J58 -> Research 2 | CY53: ='Gen CP'!$J58 -> Research 2 | DA53: ='Gen CP'!$J58 -> Research 2 | DC53: ='Gen CP'!$J58 -> Research 2 | DE53: 7:20-8:10 | DG53: HGP | DI53: ='Gen CP'!$K58 -> CPAR | DK53: ='Gen CP'!$K58 -> CPAR | DM53: ='Gen CP'!$K58 -> CPAR | DO53: ='Gen CP'!$K58 -> CPAR | DQ53: 7:20-8:10 | EC53: 7:20-8:10 | EO53: 7:30-8:30 | EP53: 60 | FA53: 7:30-8:30 | FB53: 60 | FM53: 7:30-8:30 | FN53: 60 | FY53: 7:20-8:10
C54: ='Gen CP'!$B59 -> Bartolome H | E54: ='Gen CP'!$B59 -> Bartolome H | G54: ='Gen CP'!$B59 -> Bartolome H | I54: ='Gen CP'!$B59 -> Bartolome H | K54: ='Gen CP'!$B59 -> Bartolome H | O54: ='Gen CP'!$C59 -> Orgil E | Q54: ='Gen CP'!$C59 -> Orgil E | S54: ='Gen CP'!$C59 -> Orgil E | U54: ='Gen CP'!$C59 -> Orgil E | W54: ='Gen CP'!$C59 -> Orgil E | AA54: ='Gen CP'!$D59 -> Sarmiento F | AC54: ='Gen CP'!$D59 -> Sarmiento F | AE54: ='Gen CP'!$D59 -> Sarmiento F | AG54: ='Gen CP'!$D59 -> Sarmiento F | AI54: ='Gen CP'!$D59 -> Sarmiento F | AM54: ='Gen CP'!$E59 -> Almadin H | AO54: ='Gen CP'!$E59 -> Almadin H | AQ54: ='Gen CP'!$E59 -> Almadin H | AS54: ='Gen CP'!$E59 -> Almadin H | AU54: ='Gen CP'!$E59 -> Almadin H | AY54: ='Gen CP'!$F59 -> Pascua I | BA54: ='Gen CP'!$F59 -> Pascua I | BC54: ='Gen CP'!$F59 -> Pascua I | BE54: ='Gen CP'!$F59 -> Pascua I | BG54: ='Gen CP'!$F59 -> Pascua I | BK54: R Carillo | BM54: ='Gen CP'!$G59 -> Tamondong A | BO54: ='Gen CP'!$G59 -> Tamondong A | BQ54: ='Gen CP'!$G59 -> Tamondong A | BS54: ='Gen CP'!$G59 -> Tamondong A | BW54: ='Gen CP'!$H59 -> De Leon I | BY54: ='Gen CP'!$H59 -> De Leon I | CA54: ='Gen CP'!$H59 -> De Leon I | CC54: ='Gen CP'!$H59 -> De Leon I | CE54: ='Gen CP'!$H59 -> De Leon I | CI54: ='Gen CP'!$I59 -> Mercado R | CK54: ='Gen CP'!$I59 -> Mercado R | CM54: ='Gen CP'!$I59 -> Mercado R | CO54: ='Gen CP'!$I59 -> Mercado R | CQ54: ='Gen CP'!$I59 -> Mercado R | CU54: ='Gen CP'!$J59 -> Marcelo OJ | CW54: ='Gen CP'!$J59 -> Marcelo OJ | CY54: ='Gen CP'!$J59 -> Marcelo OJ | DA54: ='Gen CP'!$J59 -> Marcelo OJ | DC54: ='Gen CP'!$J59 -> Marcelo OJ | DG54: ='Gen CP'!$K59 -> Gardoce J | DI54: ='Gen CP'!$K59 -> Gardoce J | DK54: ='Gen CP'!$K59 -> Gardoce J | DM54: ='Gen CP'!$K59 -> Gardoce J | DO54: ='Gen CP'!$K59 -> Gardoce J
A56: 8:10-9:00 | C56: ='Gen CP'!$B60 -> Philo | E56: ='Gen CP'!$B60 -> Philo | G56: ='Gen CP'!$B60 -> Philo | I56: ='Gen CP'!$B60 -> Philo | K56: P.E. | M56: 8:10-9:00 | O56: ='Gen CP'!$C60 -> Piling Larang | Q56: P.E. | S56: ='Gen CP'!$C60 -> Piling Larang | U56: ='Gen CP'!$C60 -> Piling Larang | W56: ='Gen CP'!$C60 -> Piling Larang | Y56: 8:10-9:00 | AA56: ='Gen CP'!$D60 -> PPG | AC56: ='Gen CP'!$D60 -> PPG | AE56: P.E. | AG56: ='Gen CP'!$D60 -> PPG | AI56: ='Gen CP'!$D60 -> PPG | AK56: 8:10-9:00 | AM56: ='Gen CP'!$E60 -> DIASS | AO56: ='Gen CP'!$E60 -> DIASS | AQ56: ='Gen CP'!$E60 -> DIASS | AS56: P.E. | AU56: ='Gen CP'!$E60 -> DIASS | AW56: 8:10-9:00 | AY56: ='Gen CP'!$F60 -> CPAR | BA56: ='Gen CP'!$F60 -> CPAR | BC56: ='Gen CP'!$F60 -> CPAR | BE56: ='Gen CP'!$F60 -> CPAR | BG56: ='Gen CP'!$F60 -> CPAR | BI56: 8:10-9:00 | BK56: ='Gen CP'!$G60 -> Agri-Crops NC II | BM56: ='Gen CP'!$G60 -> Agri-Crops NC II | BO56: ='Gen CP'!$G60 -> Agri-Crops NC II | BQ56: ='Gen CP'!$G60 -> Agri-Crops NC II | BS56: ='Gen CP'!$G60 -> Agri-Crops NC II | BU56: 8:10-9:00 | BW56: ='Gen CP'!$H60 -> MIL | BY56: ='Gen CP'!$H60 -> MIL | CA56: ='Gen CP'!$H60 -> MIL | CC56: ='Gen CP'!$H60 -> MIL | CE56: ='Gen CP'!$H60 -> MIL | CG56: 8:10-9:00 | CI56: ='Gen CP'!$I60 -> CSS | CK56: ='Gen CP'!$I60 -> CSS | CM56: ='Gen CP'!$I60 -> CSS | CO56: ='Gen CP'!$I60 -> CSS | CQ56: ='Gen CP'!$I60 -> CSS | CS56: 8:10-9:00 | CU56: =CU59 -> MIL | CW56: Bread and Pastry | CY56: =CY63 -> PPG | DA56: =DA61 -> CPAR | DC56: P.E. | DE56: 8:10-9:00 | DG56: ='Gen CP'!$K60 -> Piling Larang | DI56: ='Gen CP'!$K60 -> Piling Larang | DK56: ='Gen CP'!$K60 -> Piling Larang | DM56: ='Gen CP'!$K60 -> Piling Larang | DO56: ='Gen CP'!$K60 -> Piling Larang | DQ56: 8:10-9:00 | EC56: 8:10-9:00 | EO56: 8:30-9:30 | EP56: 60 | FA56: 8:30-9:30 | FB56: 60 | FM56: 8:30-9:30 | FN56: 60 | FY56: 8:10-9:00
C57: ='Gen CP'!$B61 -> Orgil E | E57: ='Gen CP'!$B61 -> Orgil E | G57: ='Gen CP'!$B61 -> Orgil E | I57: ='Gen CP'!$B61 -> Orgil E | K57: I De Leon | O57: ='Gen CP'!$C61 -> Lorenzo C | Q57: I De Leon | S57: ='Gen CP'!$C61 -> Lorenzo C | U57: ='Gen CP'!$C61 -> Lorenzo C | W57: ='Gen CP'!$C61 -> Lorenzo C | AA57: ='Gen CP'!$D61 -> Almadin H | AC57: ='Gen CP'!$D61 -> Almadin H | AE57: I De Leon | AG57: ='Gen CP'!$D61 -> Almadin H | AI57: ='Gen CP'!$D61 -> Almadin H | AM57: ='Gen CP'!$E61 -> Gardoce J | AO57: ='Gen CP'!$E61 -> Gardoce J | AQ57: ='Gen CP'!$E61 -> Gardoce J | AS57: I De Leon | AU57: ='Gen CP'!$E61 -> Gardoce J | AY57: ='Gen CP'!$F61 -> Hierco M | BA57: ='Gen CP'!$F61 -> Hierco M | BC57: ='Gen CP'!$F61 -> Hierco M | BE57: ='Gen CP'!$F61 -> Hierco M | BG57: ='Gen CP'!$F61 -> Hierco M | BK57: ='Gen CP'!$G61 -> Carillo R | BM57: ='Gen CP'!$G61 -> Carillo R | BO57: ='Gen CP'!$G61 -> Carillo R | BQ57: ='Gen CP'!$G61 -> Carillo R | BS57: ='Gen CP'!$G61 -> Carillo R | BW57: ='Gen CP'!$H61 -> Valdez R | BY57: ='Gen CP'!$H61 -> Valdez R | CA57: ='Gen CP'!$H61 -> Valdez R | CC57: ='Gen CP'!$H61 -> Valdez R | CE57: ='Gen CP'!$H61 -> Valdez R | CI57: ='Gen CP'!$I61 -> Mercado R | CK57: ='Gen CP'!$I61 -> Mercado R | CM57: ='Gen CP'!$I61 -> Mercado R | CO57: ='Gen CP'!$I61 -> Mercado R | CQ57: ='Gen CP'!$I61 -> Mercado R | CU57: =CU60 -> Mamaid MC | CW57: T Maniquiz | CY57: =CY64 -> Almadin H | DA57: =DA62 -> Gardoce J | DC57: Guerrero LG | DG57: ='Gen CP'!$K61 -> Pascua I | DI57: ='Gen CP'!$K61 -> Pascua I | DK57: ='Gen CP'!$K61 -> Pascua I | DM57: ='Gen CP'!$K61 -> Pascua I | DO57: ='Gen CP'!$K61 -> Pascua I
A58: 9:00-9:30 | B58: RECESS | M58: 9:00-9:30 | N58: RECESS | Y58: 9:00-9:30 | Z58: RECESS | AK58: 9:00-9:30 | AL58: RECESS | AW58: 9:00-9:30 | AX58: RECESS | BI58: 9:00-9:30 | BJ58: RECESS | BU58: 9:00-9:30 | BV58: RECESS | CG58: 9:00-9:30 | CH58: RECESS | CS58: 9:00-9:30 | CT58: RECESS | DE58: 9:00-9:30 | DF58: RECESS | DQ58: 9:00-9:30 | DR58: RECESS | EC58: 9:00-9:30 | ED58: RECESS | EO58: RECESS | FA58: RECESS | FM58: RECESS | FY58: 9:00-9:30 | FZ58: RECESS
A59: 9:30-10:20 | C59: ='Gen CP'!$B63 -> CPAR | E59: ='Gen CP'!$B63 -> CPAR | G59: ='Gen CP'!$B63 -> CPAR | I59: ='Gen CP'!$B63 -> CPAR | K59: ='Gen CP'!$B63 -> CPAR | M59: 9:30-10:20 | O59: ='Gen CP'!$C63 -> Creative Non-Fiction | Q59: ='Gen CP'!$C63 -> Creative Non-Fiction | S59: Vacant | U59: ='Gen CP'!$C63 -> Creative Non-Fiction | W59: ='Gen CP'!$C63 -> Creative Non-Fiction | Y59: 9:30-10:20 | AA59: ='Gen CP'!$D63 -> Piling Larang | AC59: ='Gen CP'!$D63 -> Piling Larang | AE59: ='Gen CP'!$D63 -> Piling Larang | AG59: ='Gen CP'!$D63 -> Piling Larang | AI59: ='Gen CP'!$D63 -> Piling Larang | AK59: 9:30-10:20 | AM59: ='Gen CP'!$E63 -> CPAR | AO59: ='Gen CP'!$E63 -> CPAR | AQ59: ='Gen CP'!$E63 -> CPAR | AS59: ='Gen CP'!$E63 -> CPAR | AU59: ='Gen CP'!$E63 -> CPAR | AW59: 9:30-10:20 | AY59: ='Gen CP'!$F63 -> DIASS | BA59: ='Gen CP'!$F63 -> DIASS | BC59: ='Gen CP'!$F63 -> DIASS | BE59: ='Gen CP'!$F63 -> DIASS | BG59: ='Gen CP'!$F63 -> DIASS | BI59: 9:30-10:20 | BK59: ='Gen CP'!$G63 -> Agri-Crops NC II | BM59: P E | BO59: ='Gen CP'!$G63 -> Agri-Crops NC II | BQ59: ='Gen CP'!$G63 -> Agri-Crops NC II | BS59: ='Gen CP'!$G63 -> Agri-Crops NC II | BU59: 9:30-10:20 | BW59: ='Gen CP'!$H63 -> Piling Larang | BY59: ='Gen CP'!$H63 -> Piling Larang | CA59: ='Gen CP'!$H63 -> Piling Larang | CC59: ='Gen CP'!$H63 -> Piling Larang | CE59: ='Gen CP'!$H63 -> Piling Larang | CG59: 9:30-10:20 | CI59: ='Gen CP'!$I63 -> Research 2 | CK59: P.E. | CM59: ='Gen CP'!$I63 -> Research 2 | CO59: ='Gen CP'!$I63 -> Research 2 | CQ59: ='Gen CP'!$I63 -> Research 2 | CS59: 9:30-10:20 | CU59: =CY59 -> MIL | CW59: Bread and Pastry | CY59: ='Gen CP'!$J63 -> MIL | DA59: ='Gen CP'!$J63 -> MIL | DC59: ='Gen CP'!$J63 -> MIL | DE59: 9:30-10:20 | DG59: ='Gen CP'!$K63 -> 21st Cen Lit | DI59: ='Gen CP'!$K63 -> 21st Cen Lit | DK59: ='Gen CP'!$K63 -> 21st Cen Lit | DM59: ='Gen CP'!$K63 -> 21st Cen Lit | DO59: ='Gen CP'!$K63 -> 21st Cen Lit | DQ59: 9:30-10:20 | EC59: 9:30-10:20 | EO59: 10:00-11:00 | EP59: 60 | FA59: 10:00-11:00 | FB59: 60 | FM59: 10:00-11:00 | FN59: 60 | FY59: 9:30-10:20
C60: ='Gen CP'!$B64 -> De Leon I | E60: ='Gen CP'!$B64 -> De Leon I | G60: ='Gen CP'!$B64 -> De Leon I | I60: ='Gen CP'!$B64 -> De Leon I | K60: ='Gen CP'!$B64 -> De Leon I | O60: ='Gen CP'!$C64 -> Tamondong A | Q60: ='Gen CP'!$C64 -> Tamondong A | U60: ='Gen CP'!$C64 -> Tamondong A | W60: ='Gen CP'!$C64 -> Tamondong A | AA60: ='Gen CP'!$D64 -> Lorenzo C | AC60: ='Gen CP'!$D64 -> Lorenzo C | AE60: ='Gen CP'!$D64 -> Lorenzo C | AG60: ='Gen CP'!$D64 -> Lorenzo C | AI60: ='Gen CP'!$D64 -> Lorenzo C | AM60: ='Gen CP'!$E64 -> Hierco M | AO60: ='Gen CP'!$E64 -> Hierco M | AQ60: ='Gen CP'!$E64 -> Hierco M | AS60: ='Gen CP'!$E64 -> Hierco M | AU60: ='Gen CP'!$E64 -> Hierco M | AY60: ='Gen CP'!$F64 -> Gardoce J | BA60: ='Gen CP'!$F64 -> Gardoce J | BC60: ='Gen CP'!$F64 -> Gardoce J | BE60: ='Gen CP'!$F64 -> Gardoce J | BG60: ='Gen CP'!$F64 -> Gardoce J | BK60: ='Gen CP'!$G64 -> Carillo R | BM60: I. De Leon | BO60: ='Gen CP'!$G64 -> Carillo R | BQ60: ='Gen CP'!$G64 -> Carillo R | BS60: ='Gen CP'!$G64 -> Carillo R | BW60: ='Gen CP'!$H64 -> Pascua I | BY60: ='Gen CP'!$H64 -> Pascua I | CA60: ='Gen CP'!$H64 -> Pascua I | CC60: ='Gen CP'!$H64 -> Pascua I | CE60: ='Gen CP'!$H64 -> Pascua I | CI60: ='Gen CP'!$I64 -> Bartolome H | CK60: Guerrero LG | CM60: ='Gen CP'!$I64 -> Bartolome H | CO60: ='Gen CP'!$I64 -> Bartolome H | CQ60: ='Gen CP'!$I64 -> Bartolome H | CU60: =CY60 -> Mamaid MC | CW60: T Maniquiz | CY60: ='Gen CP'!$J64 -> Mamaid MC | DA60: ='Gen CP'!$J64 -> Mamaid MC | DC60: ='Gen CP'!$J64 -> Mamaid MC | DG60: ='Gen CP'!$K64 -> Valdez R | DI60: ='Gen CP'!$K64 -> Valdez R | DK60: ='Gen CP'!$K64 -> Valdez R | DM60: ='Gen CP'!$K64 -> Valdez R | DO60: ='Gen CP'!$K64 -> Valdez R
A61: 10:20-11:10 | C61: ='Gen CP'!$B65 -> Biology 1 | E61: ='Gen CP'!$B65 -> Biology 1 | G61: ='Gen CP'!$B65 -> Biology 1 | I61: ='Gen CP'!$B65 -> Biology 1 | K61: ='Gen CP'!$B65 -> Biology 1 | M61: 10:20-11:10 | O61: ='Gen CP'!$C65 -> Research 2 | Q61: ='Gen CP'!$C65 -> Research 2 | S61: ='Gen CP'!$C65 -> Research 2 | U61: ='Gen CP'!$C65 -> Research 2 | W61: ='Gen CP'!$C65 -> Research 2 | Y61: 10:20-11:10 | AA61: ='Gen CP'!$D65 -> Research 2 | AC61: ='Gen CP'!$D65 -> Research 2 | AE61: ='Gen CP'!$D65 -> Research 2 | AG61: ='Gen CP'!$D65 -> Research 2 | AI61: ='Gen CP'!$D65 -> Research 2 | AK61: 10:20-11:10 | AM61: ='Gen CP'!$E65 -> Piling Larang | AO61: ='Gen CP'!$E65 -> Piling Larang | AQ61: ='Gen CP'!$E65 -> Piling Larang | AS61: ='Gen CP'!$E65 -> Piling Larang | AU61: ='Gen CP'!$E65 -> Piling Larang | AW61: 10:20-11:10 | AY61: ='Gen CP'!$F65 -> PPG | BA61: ='Gen CP'!$F65 -> PPG | BC61: ='Gen CP'!$F65 -> PPG | BE61: ='Gen CP'!$F65 -> PPG | BG61: ='Gen CP'!$F65 -> PPG | BI61: 10:20-11:10 | BK61: ='Gen CP'!$G65 -> Research 2 | BM61: ='Gen CP'!$G65 -> Research 2 | BO61: ='Gen CP'!$G65 -> Research 2 | BQ61: ='Gen CP'!$G65 -> Research 2 | BS61: ='Gen CP'!$G65 -> Research 2 | BU61: 10:20-11:10 | BW61: ='Gen CP'!$H65 -> Philo | BY61: ='Gen CP'!$H65 -> Philo | CA61: ='Gen CP'!$H65 -> Philo | CC61: ='Gen CP'!$H65 -> Philo | CE61: ='Gen CP'!$H65 -> Philo | CG61: 10:20-11:10 | CI61: ='Gen CP'!$I65 -> 21st Cen Lit | CK61: ='Gen CP'!$I65 -> 21st Cen Lit | CM61: ='Gen CP'!$I65 -> 21st Cen Lit | CO61: ='Gen CP'!$I65 -> 21st Cen Lit | CQ61: ='Gen CP'!$I65 -> 21st Cen Lit | CS61: 10:20-11:10 | CU61: =CY61 -> CPAR | CW61: Bread and Pastry | CY61: ='Gen CP'!$J65 -> CPAR | DA61: ='Gen CP'!$J65 -> CPAR | DC61: ='Gen CP'!$J65 -> CPAR | DE61: 10:20-11:10 | DG61: ='Gen CP'!$K65 -> MIL | DI61: P.E. | DK61: ='Gen CP'!$K65 -> MIL | DM61: ='Gen CP'!$K65 -> MIL | DO61: ='Gen CP'!$K65 -> MIL | DQ61: 10:20-11:10 | EC61: 10:20-11:10 | EO61: 11:00-12:00 | EP61: 60 | FA61: 11:00-12:00 | FB61: 60 | FM61: 11:00-12:00 | FN61: 60 | FY61: 10:20-11:10
C62: ='Gen CP'!$B66 -> Hierco M | E62: ='Gen CP'!$B66 -> Hierco M | G62: ='Gen CP'!$B66 -> Hierco M | I62: ='Gen CP'!$B66 -> Hierco M | K62: ='Gen CP'!$B66 -> Hierco M | O62: ='Gen CP'!$C66 -> Marcelo OJ | Q62: ='Gen CP'!$C66 -> Marcelo OJ | S62: ='Gen CP'!$C66 -> Marcelo OJ | U62: ='Gen CP'!$C66 -> Marcelo OJ | W62: ='Gen CP'!$C66 -> Marcelo OJ | AA62: ='Gen CP'!$D66 -> Bartolome H | AC62: ='Gen CP'!$D66 -> Bartolome H | AE62: ='Gen CP'!$D66 -> Bartolome H | AG62: ='Gen CP'!$D66 -> Bartolome H | AI62: ='Gen CP'!$D66 -> Bartolome H | AM62: ='Gen CP'!$E66 -> Lorenzo C | AO62: ='Gen CP'!$E66 -> Lorenzo C | AQ62: ='Gen CP'!$E66 -> Lorenzo C | AS62: ='Gen CP'!$E66 -> Lorenzo C | AU62: ='Gen CP'!$E66 -> Lorenzo C | AY62: ='Gen CP'!$F66 -> Almadin H | BA62: ='Gen CP'!$F66 -> Almadin H | BC62: ='Gen CP'!$F66 -> Almadin H | BE62: ='Gen CP'!$F66 -> Almadin H | BG62: ='Gen CP'!$F66 -> Almadin H | BK62: ='Gen CP'!$G66 -> Carillo R | BM62: ='Gen CP'!$G66 -> Carillo R | BO62: ='Gen CP'!$G66 -> Carillo R | BQ62: ='Gen CP'!$G66 -> Carillo R | BS62: ='Gen CP'!$G66 -> Carillo R | BW62: ='Gen CP'!$H66 -> Orgil E | BY62: ='Gen CP'!$H66 -> Orgil E | CA62: ='Gen CP'!$H66 -> Orgil E | CC62: ='Gen CP'!$H66 -> Orgil E | CE62: ='Gen CP'!$H66 -> Orgil E | CI62: ='Gen CP'!$I66 -> Valdez R | CK62: ='Gen CP'!$I66 -> Valdez R | CM62: ='Gen CP'!$I66 -> Valdez R | CO62: ='Gen CP'!$I66 -> Valdez R | CQ62: ='Gen CP'!$I66 -> Valdez R | CU62: =CY62 -> Gardoce J | CW62: T Maniquiz | CY62: ='Gen CP'!$J66 -> Gardoce J | DA62: ='Gen CP'!$J66 -> Gardoce J | DC62: ='Gen CP'!$J66 -> Gardoce J | DG62: ='Gen CP'!$K66 -> Mamaid MC | DI62: I De Leon | DK62: ='Gen CP'!$K66 -> Mamaid MC | DM62: ='Gen CP'!$K66 -> Mamaid MC | DO62: ='Gen CP'!$K66 -> Mamaid MC
A63: 11:10-12:00 | C63: ='Gen CP'!$B67 -> Piling Larang | E63: ='Gen CP'!$B67 -> Piling Larang | G63: ='Gen CP'!$B67 -> Piling Larang | I63: ='Gen CP'!$B67 -> Piling Larang | K63: ='Gen CP'!$B67 -> Piling Larang | M63: 11:10-12:00 | O63: ='Gen CP'!$C67 -> CPAR | Q63: ='Gen CP'!$C67 -> CPAR | S63: ='Gen CP'!$C67 -> CPAR | U63: ='Gen CP'!$C67 -> CPAR | W63: ='Gen CP'!$C67 -> CPAR | Y63: 11:10-12:00 | AA63: ='Gen CP'!$D67 -> Creative Non-Fiction | AC63: ='Gen CP'!$D67 -> Creative Non-Fiction | AE63: ='Gen CP'!$D67 -> Creative Non-Fiction | AG63: ='Gen CP'!$D67 -> Creative Non-Fiction | AI63: ='Gen CP'!$D67 -> Creative Non-Fiction | AK63: 11:10-12:00 | AM63: ='Gen CP'!$E67 -> World Religions | AO63: ='Gen CP'!$E67 -> World Religions | AQ63: ='Gen CP'!$E67 -> World Religions | AS63: ='Gen CP'!$E67 -> World Religions | AU63: ='Gen CP'!$E67 -> World Religions | AW63: 11:10-12:00 | AY63: ='Gen CP'!$F67 -> Research 2 | BA63: ='Gen CP'!$F67 -> Research 2 | BC63: ='Gen CP'!$F67 -> Research 2 | BE63: ='Gen CP'!$F67 -> Research 2 | BG63: ='Gen CP'!$F67 -> Research 2 | BI63: 11:10-12:00 | BK63: ='Gen CP'!$G67 -> 21st Cen Lit | BM63: ='Gen CP'!$G67 -> 21st Cen Lit | BO63: ='Gen CP'!$G67 -> 21st Cen Lit | BQ63: ='Gen CP'!$G67 -> 21st Cen Lit | BS63: ='Gen CP'!$G67 -> 21st Cen Lit | BU63: 11:10-12:00 | BW63: ='Gen CP'!$H67 -> 21st Cen Lit | BY63: ='Gen CP'!$H67 -> 21st Cen Lit | CA63: ='Gen CP'!$H67 -> 21st Cen Lit | CC63: ='Gen CP'!$H67 -> 21st Cen Lit | CE63: ='Gen CP'!$H67 -> 21st Cen Lit | CG63: 11:10-12:00 | CI63: ='Gen CP'!$I67 -> CPAR | CK63: ='Gen CP'!$I67 -> CPAR | CM63: ='Gen CP'!$I67 -> CPAR | CO63: ='Gen CP'!$I67 -> CPAR | CQ63: ='Gen CP'!$I67 -> CPAR | CS63: 11:10-12:00 | CU63: =CY63 -> PPG | CW63: Bread and Pastry | CY63: ='Gen CP'!$J67 -> PPG | DA63: ='Gen CP'!$J67 -> PPG | DC63: ='Gen CP'!$J67 -> PPG | DE63: 11:10-12:00 | DG63: ='Gen CP'!$K67 -> Philo | DI63: ='Gen CP'!$K67 -> Philo | DK63: ='Gen CP'!$K67 -> Philo | DM63: ='Gen CP'!$K67 -> Philo | DO63: ='Gen CP'!$K67 -> Philo | DQ63: 11:10-12:00 | EC63: 11:10-12:00 | EO63: 1:00 -2:00 | EP63: 60 | FA63: 1:00 -2:00 | FB63: 60 | FM63: 1:00 -2:00 | FN63: 60 | FY63: 11:10-12:00
C64: ='Gen CP'!$B68 -> Lorenzo C | E64: ='Gen CP'!$B68 -> Lorenzo C | G64: ='Gen CP'!$B68 -> Lorenzo C | I64: ='Gen CP'!$B68 -> Lorenzo C | K64: ='Gen CP'!$B68 -> Lorenzo C | O64: ='Gen CP'!$C68 -> De Leon I | Q64: ='Gen CP'!$C68 -> De Leon I | S64: ='Gen CP'!$C68 -> De Leon I | U64: ='Gen CP'!$C68 -> De Leon I | W64: ='Gen CP'!$C68 -> De Leon I | AA64: ='Gen CP'!$D68 -> Tamondong A | AC64: ='Gen CP'!$D68 -> Tamondong A | AE64: ='Gen CP'!$D68 -> Tamondong A | AG64: ='Gen CP'!$D68 -> Tamondong A | AI64: ='Gen CP'!$D68 -> Tamondong A | AM64: ='Gen CP'!$E68 -> Carillo R | AO64: ='Gen CP'!$E68 -> Carillo R | AQ64: ='Gen CP'!$E68 -> Carillo R | AS64: ='Gen CP'!$E68 -> Carillo R | AU64: ='Gen CP'!$E68 -> Carillo R | AY64: ='Gen CP'!$F68 -> Bartolome H | BA64: ='Gen CP'!$F68 -> Bartolome H | BC64: ='Gen CP'!$F68 -> Bartolome H | BE64: ='Gen CP'!$F68 -> Bartolome H | BG64: ='Gen CP'!$F68 -> Bartolome H | BK64: ='Gen CP'!$G68 -> Maniquiz T | BM64: ='Gen CP'!$G68 -> Maniquiz T | BO64: ='Gen CP'!$G68 -> Maniquiz T | BQ64: ='Gen CP'!$G68 -> Maniquiz T | BS64: ='Gen CP'!$G68 -> Maniquiz T | BW64: ='Gen CP'!$H68 -> Valdez R | BY64: ='Gen CP'!$H68 -> Valdez R | CA64: ='Gen CP'!$H68 -> Valdez R | CC64: ='Gen CP'!$H68 -> Valdez R | CE64: ='Gen CP'!$H68 -> Valdez R | CI64: ='Gen CP'!$I68 -> Hierco M | CK64: ='Gen CP'!$I68 -> Hierco M | CM64: ='Gen CP'!$I68 -> Hierco M | CO64: ='Gen CP'!$I68 -> Hierco M | CQ64: ='Gen CP'!$I68 -> Hierco M | CU64: =CY64 -> Almadin H | CW64: T Maniquiz | CY64: ='Gen CP'!$J68 -> Almadin H | DA64: ='Gen CP'!$J68 -> Almadin H | DC64: ='Gen CP'!$J68 -> Almadin H | DG64: ='Gen CP'!$K68 -> Mamaid MC | DI64: ='Gen CP'!$K68 -> Mamaid MC | DK64: ='Gen CP'!$K68 -> Mamaid MC | DM64: ='Gen CP'!$K68 -> Mamaid MC | DO64: ='Gen CP'!$K68 -> Mamaid MC
A65: 12:00-1:00 | B65: LUNCH | M65: 12:00-1:00 | N65: LUNCH | Y65: 12:00-1:00 | Z65: LUNCH | AK65: 12:00-1:00 | AL65: LUNCH | AW65: 12:00-1:00 | AX65: LUNCH | BI65: 12:00-1:00 | BJ65: LUNCH | BU65: 12:00-1:00 | BV65: LUNCH | CG65: 12:00-1:00 | CH65: LUNCH | CS65: 12:00-1:00 | CT65: LUNCH | DE65: 12:00-1:00 | DF65: LUNCH | DQ65: 12:00-1:00 | DR65: LUNCH | EC65: 12:00-1:00 | ED65: LUNCH | FY65: 12:00-1:00 | FZ65: LUNCH
A66: 1:00-1:50 | C66: ='Gen CP'!$B70 -> MIL | E66: ='Gen CP'!$B70 -> MIL | G66: ='Gen CP'!$B70 -> MIL | I66: ='Gen CP'!$B70 -> MIL | K66: Research 2 | M66: 1:00-1:50 | O66: ='Gen CP'!$C70 -> DIASS | Q66: ='Gen CP'!$C70 -> DIASS | S66: ='Gen CP'!$C70 -> DIASS | U66: ='Gen CP'!$C70 -> DIASS | W66: ='Gen CP'!$C70 -> DIASS | Y66: 1:00-1:50 | AA66: ='Gen CP'!$D70 -> World Religions | AC66: ='Gen CP'!$D70 -> World Religions | AE66: ='Gen CP'!$D70 -> World Religions | AG66: ='Gen CP'!$D70 -> World Religions | AI66: ='Gen CP'!$D70 -> World Religions | AK66: 1:00-1:50 | AM66: ='Gen CP'!$E70 -> Creative Non-Fiction | AO66: ='Gen CP'!$E70 -> Creative Non-Fiction | AQ66: ='Gen CP'!$E70 -> Creative Non-Fiction | AS66: ='Gen CP'!$E70 -> Creative Non-Fiction | AU66: ='Gen CP'!$E70 -> Creative Non-Fiction | AW66: 1:00-1:50 | AY66: ='Gen CP'!$F70 -> Philo | BA66: ='Gen CP'!$F70 -> Philo | BC66: ='Gen CP'!$F70 -> Philo | BE66: ='Gen CP'!$F70 -> Philo | BG66: ='Gen CP'!$F70 -> Philo | BI66: 1:00-1:50 | BK66: ='Gen CP'!$G70 -> Piling Larang | BM66: ='Gen CP'!$G70 -> Piling Larang | BO66: ='Gen CP'!$G70 -> Piling Larang | BQ66: ='Gen CP'!$G70 -> Piling Larang | BS66: ='Gen CP'!$G70 -> Piling Larang | BU66: 1:00-1:50 | BW66: ='Gen CP'!$H70 -> Research 2 | BY66: ='Gen CP'!$H70 -> Research 2 | CA66: ='Gen CP'!$H70 -> Research 2 | CC66: ='Gen CP'!$H70 -> Research 2 | CE66: ='Gen CP'!$H70 -> Research 2 | CG66: 1:00-1:50 | CI66: ='Gen CP'!$I70 -> MIL | CK66: ='Gen CP'!$I70 -> MIL | CM66: ='Gen CP'!$I70 -> MIL | CO66: ='Gen CP'!$I70 -> MIL | CQ66: ='Gen CP'!$I70 -> MIL | CS66: 1:00-1:50 | CU66: ='Gen CP'!$J70 -> 21st Cen Lit | CW66: ='Gen CP'!$J70 -> 21st Cen Lit | CY66: ='Gen CP'!$J70 -> 21st Cen Lit | DA66: ='Gen CP'!$J70 -> 21st Cen Lit | DC66: ='Gen CP'!$J70 -> 21st Cen Lit | DE66: 1:00-1:50 | DG66: ='Gen CP'!$K70 -> Cookery | DI66: ='Gen CP'!$K70 -> Cookery | DK66: ='Gen CP'!$K70 -> Cookery | DM66: ='Gen CP'!$K70 -> Cookery | DO66: ='Gen CP'!$K70 -> Cookery | DQ66: 1:00-1:50 | EC66: 1:00-1:50 | EO66: 2:00-3:00 | EP66: 60 | FA66: 2:00-3:00 | FB66: 60 | FM66: 2:00-3:00 | FN66: 60 | FY66: 1:00-1:50
C67: ='Gen CP'!$B71 -> Sarmiento F | E67: ='Gen CP'!$B71 -> Sarmiento F | G67: ='Gen CP'!$B71 -> Sarmiento F | I67: ='Gen CP'!$B71 -> Sarmiento F | K67: H.Bartolome | O67: ='Gen CP'!$C71 -> Gardoce J | Q67: ='Gen CP'!$C71 -> Gardoce J | S67: ='Gen CP'!$C71 -> Gardoce J | U67: ='Gen CP'!$C71 -> Gardoce J | W67: ='Gen CP'!$C71 -> Gardoce J | AA67: ='Gen CP'!$D71 -> Carillo R | AC67: ='Gen CP'!$D71 -> Carillo R | AE67: ='Gen CP'!$D71 -> Carillo R | AG67: ='Gen CP'!$D71 -> Carillo R | AI67: ='Gen CP'!$D71 -> Carillo R | AM67: ='Gen CP'!$E71 -> Tamondong A | AO67: ='Gen CP'!$E71 -> Tamondong A | AQ67: ='Gen CP'!$E71 -> Tamondong A | AS67: ='Gen CP'!$E71 -> Tamondong A | AU67: ='Gen CP'!$E71 -> Tamondong A | AY67: ='Gen CP'!$F71 -> Mamaid MC | BA67: ='Gen CP'!$F71 -> Mamaid MC | BC67: ='Gen CP'!$F71 -> Mamaid MC | BE67: ='Gen CP'!$F71 -> Mamaid MC | BG67: ='Gen CP'!$F71 -> Mamaid MC | BK67: ='Gen CP'!$G71 -> Lorenzo C | BM67: ='Gen CP'!$G71 -> Lorenzo C | BO67: ='Gen CP'!$G71 -> Lorenzo C | BQ67: ='Gen CP'!$G71 -> Lorenzo C | BS67: ='Gen CP'!$G71 -> Lorenzo C | BW67: ='Gen CP'!$H71 -> Bartolome H | BY67: ='Gen CP'!$H71 -> Bartolome H | CA67: ='Gen CP'!$H71 -> Bartolome H | CC67: ='Gen CP'!$H71 -> Bartolome H | CE67: ='Gen CP'!$H71 -> Bartolome H | CI67: ='Gen CP'!$I71 -> De Leon I | CK67: ='Gen CP'!$I71 -> De Leon I | CM67: ='Gen CP'!$I71 -> De Leon I | CO67: ='Gen CP'!$I71 -> De Leon I | CQ67: ='Gen CP'!$I71 -> De Leon I | CU67: ='Gen CP'!$J71 -> Valdez R | CW67: ='Gen CP'!$J71 -> Valdez R | CY67: ='Gen CP'!$J71 -> Valdez R | DA67: ='Gen CP'!$J71 -> Valdez R | DC67: ='Gen CP'!$J71 -> Valdez R | DG67: ='Gen CP'!$K71 -> Maniquiz T | DI67: ='Gen CP'!$K71 -> Maniquiz T | DK67: ='Gen CP'!$K71 -> Maniquiz T | DM67: ='Gen CP'!$K71 -> Maniquiz T | DO67: ='Gen CP'!$K71 -> Maniquiz T
A68: 1:50-2:40 | C68: ='Gen CP'!$B72 -> 21st Cen Lit | E68: ='Gen CP'!$B72 -> 21st Cen Lit | G68: ='Gen CP'!$B72 -> 21st Cen Lit | I68: ='Gen CP'!$B72 -> 21st Cen Lit | K68: ='Gen CP'!$B72 -> 21st Cen Lit | M68: 1:50-2:40 | O68: ='Gen CP'!$C72 -> PPG | Q68: P E | S68: ='Gen CP'!$C72 -> PPG | U68: ='Gen CP'!$C72 -> PPG | W68: ='Gen CP'!$C72 -> PPG | Y68: 1:50-2:40 | AA68: ='Gen CP'!$D72 -> DIASS | AC68: ='Gen CP'!$D72 -> DIASS | AE68: P E | AG68: ='Gen CP'!$D72 -> DIASS | AI68: ='Gen CP'!$D72 -> DIASS | AK68: 1:50-2:40 | AM68: ='Gen CP'!$E72 -> Research 2 | AO68: ='Gen CP'!$E72 -> Research 2 | AQ68: ='Gen CP'!$E72 -> Research 2 | AS68: ='Gen CP'!$E72 -> Research 2 | AU68: ='Gen CP'!$E72 -> Research 2 | AW68: 1:50-2:40 | AY68: ='Gen CP'!$F72 -> World Religions | BA68: P.E. | BC68: ='Gen CP'!$F72 -> World Religions | BE68: ='Gen CP'!$F72 -> World Religions | BG68: ='Gen CP'!$F72 -> World Religions | BI68: 1:50-2:40 | BK68: ='Gen CP'!$G72 -> MIL | BM68: ='Gen CP'!$G72 -> MIL | BO68: P.E. | BQ68: ='Gen CP'!$G72 -> MIL | BS68: ='Gen CP'!$G72 -> MIL | BU68: 1:50-2:50 | BW68: ='Gen CP'!$H72 -> SMAW NC II | BY68: ='Gen CP'!$H72 -> SMAW NC II | CA68: ='Gen CP'!$H72 -> SMAW NC II | CC68: ='Gen CP'!$H72 -> SMAW NC II | CE68: P.E. | CG68: 1:50-2:40 | CI68: ='Gen CP'!$I72 -> Piling Larang | CK68: ='Gen CP'!$I72 -> Piling Larang | CM68: ='Gen CP'!$I72 -> Piling Larang | CO68: ='Gen CP'!$I72 -> Piling Larang | CQ68: Philo | CS68: 1:50-2:40 | CU68: ='Gen CP'!$J72 -> Philo | CW68: ='Gen CP'!$J72 -> Philo | CY68: ='Gen CP'!$J72 -> Philo | DA68: ='Gen CP'!$J72 -> Philo | DC68: ='Gen CP'!$J72 -> Philo | DE68: 1:50-2:40 | DG68: ='Gen CP'!$K72 -> Cookery | DI68: ='Gen CP'!$K72 -> Cookery | DK68: ='Gen CP'!$K72 -> Cookery | DM68: ='Gen CP'!$K72 -> Cookery | DO68: ='Gen CP'!$K72 -> Cookery | DQ68: 1:50-2:40 | EC68: 1:50-2:40 | EO68: 3:00-4:00 | EY68: Flag Retreat | FA68: 3:00-4:00 | FK68: Flag Retreat | FM68: 3:00-4:00 | FW68: Flag Retreat | FY68: 1:50-2:40
C69: ='Gen CP'!$B73 -> Crisostomo R | E69: ='Gen CP'!$B73 -> Crisostomo R | G69: ='Gen CP'!$B73 -> Crisostomo R | I69: ='Gen CP'!$B73 -> Crisostomo R | K69: ='Gen CP'!$B73 -> Crisostomo R | O69: ='Gen CP'!$C73 -> Almadin H | Q69: I. De Leon | S69: ='Gen CP'!$C73 -> Almadin H | U69: ='Gen CP'!$C73 -> Almadin H | W69: ='Gen CP'!$C73 -> Almadin H | AA69: ='Gen CP'!$D73 -> Gardoce J | AC69: ='Gen CP'!$D73 -> Gardoce J | AE69: AJD Almazan | AG69: ='Gen CP'!$D73 -> Gardoce J | AI69: ='Gen CP'!$D73 -> Gardoce J | AM69: ='Gen CP'!$E73 -> Marcelo OJ | AO69: ='Gen CP'!$E73 -> Marcelo OJ | AQ69: ='Gen CP'!$E73 -> Marcelo OJ | AS69: ='Gen CP'!$E73 -> Marcelo OJ | AU69: ='Gen CP'!$E73 -> Marcelo OJ | AY69: ='Gen CP'!$F73 -> Carillo R | BA69: I De Leon | BC69: ='Gen CP'!$F73 -> Carillo R | BE69: ='Gen CP'!$F73 -> Carillo R | BG69: ='Gen CP'!$F73 -> Carillo R | BK69: ='Gen CP'!$G73 -> Valdez R | BM69: ='Gen CP'!$G73 -> Valdez R | BO69: I De Leon | BQ69: ='Gen CP'!$G73 -> Valdez R | BS69: ='Gen CP'!$G73 -> Valdez R | BW69: ='Gen CP'!$H73 -> Sarmiento F | BY69: ='Gen CP'!$H73 -> Sarmiento F | CA69: ='Gen CP'!$H73 -> Sarmiento F | CC69: ='Gen CP'!$H73 -> Sarmiento F | CE69: I De Leon | CI69: ='Gen CP'!$I73 -> Lorenzo C | CK69: ='Gen CP'!$I73 -> Lorenzo C | CM69: ='Gen CP'!$I73 -> Lorenzo C | CO69: ='Gen CP'!$I73 -> Lorenzo C | CQ69: V.Domingo | CU69: ='Gen CP'!$J73 -> Domingo V | CW69: ='Gen CP'!$J73 -> Domingo V | CY69: ='Gen CP'!$J73 -> Domingo V | DA69: ='Gen CP'!$J73 -> Domingo V | DC69: ='Gen CP'!$J73 -> Domingo V | DG69: ='Gen CP'!$K73 -> Maniquiz T | DI69: ='Gen CP'!$K73 -> Maniquiz T | DK69: ='Gen CP'!$K73 -> Maniquiz T | DM69: ='Gen CP'!$K73 -> Maniquiz T | DO69: ='Gen CP'!$K73 -> Maniquiz T
A70: 2:40-3:00 | B70: RECESS | M70: 2:40-3:00 | N70: RECESS | Y70: 2:40-3:00 | Z70: RECESS | AK70: 2:40-3:00 | AL70: RECESS | AW70: 2:40-3:00 | AX70: RECESS | BI70: 2:40-3:00 | BJ70: RECESS | BU70: 2:40-3:00 | BV70: RECESS | CG70: 2:40-3:00 | CH70: RECESS | CS70: 2:40-3:00 | CT70: RECESS | DE70: 2:40-3:00 | DF70: RECESS | DQ70: 2:40-3:10 | DR70: RECESS | EA70: Room and Ground Improvement | EC70: 2:40-3:10 | ED70: RECESS | EM70: Room and Ground Improvement | FY70: 2:40-3:10 | FZ70: RECESS | GI70: Room and Ground Improvement
A71: 3:00-4:00 | C71: ='Gen CP'!$B75 -> Physics 1 | E71: ='Gen CP'!$B75 -> Physics 1 | G71: ='Gen CP'!$B75 -> Physics 1 | I71: ='Gen CP'!$B75 -> Physics 1 | K71: =K53 -> Research 2 | M71: 3:00-4:00 | O71: ='Gen CP'!$C75 -> World Religions | Q71: ='Gen CP'!$C75 -> World Religions | S71: ='Gen CP'!$C75 -> World Religions | U71: ='Gen CP'!$C75 -> World Religions | W71: =W53 -> Philo | Y71: 3:00-4:00 | AA71: ='Gen CP'!$D75 -> CPAR | AC71: ='Gen CP'!$D75 -> CPAR | AE71: ='Gen CP'!$D75 -> CPAR | AG71: ='Gen CP'!$D75 -> CPAR | AI71: =AI53 -> Philo | AK71: 3:00-4:00 | AM71: ='Gen CP'!$E75 -> Philo | AO71: ='Gen CP'!$E75 -> Philo | AQ71: ='Gen CP'!$E75 -> Philo | AS71: ='Gen CP'!$E75 -> Philo | AU71: =AU53 -> PPG | AW71: 3:00-4:00 | AY71: ='Gen CP'!$F75 -> Creative Non-Fiction | BA71: ='Gen CP'!$F75 -> Creative Non-Fiction | BC71: ='Gen CP'!$F75 -> Creative Non-Fiction | BE71: ='Gen CP'!$F75 -> Creative Non-Fiction | BG71: =BG53 -> Piling Larang | BI71: 3:00-4:00 | BK71: ='Gen CP'!$G75 -> CPAR | BM71: ='Gen CP'!$G75 -> CPAR | BO71: ='Gen CP'!$G75 -> CPAR | BQ71: ='Gen CP'!$G75 -> CPAR | BS71: =BS53 -> Philo | BU71: 3:00-4:00 | BW71: ='Gen CP'!$H75 -> SMAW NC II | BY71: ='Gen CP'!$H75 -> SMAW NC II | CA71: ='Gen CP'!$H75 -> SMAW NC II | CC71: ='Gen CP'!$H75 -> SMAW NC II | CE71: =CE53 -> CPAR | CG71: 3:00-4:00 | CI71: ='Gen CP'!$I75 -> Philo | CK71: ='Gen CP'!$I75 -> Philo | CM71: ='Gen CP'!$I75 -> Philo | CO71: ='Gen CP'!$I75 -> Philo | CQ71: =CQ53 -> CSS | CS71: 3:00-4:00 | CU71: ='Gen CP'!$J75 -> Piling Larang | CW71: ='Gen CP'!$J75 -> Piling Larang | CY71: ='Gen CP'!$J75 -> Piling Larang | DA71: ='Gen CP'!$J75 -> Piling Larang | DC71: =DC53 -> Research 2 | DE71: 3:00-4:00 | DG71: ='Gen CP'!$K75 -> Research 2 | DI71: ='Gen CP'!$K75 -> Research 2 | DK71: ='Gen CP'!$K75 -> Research 2 | DM71: ='Gen CP'!$K75 -> Research 2 | DO71: =DO53 -> CPAR | DQ71: 3:10-4:00 | EC71: 3:10-4:00 | EO71: 4:00-5:00 | EP71: 60 | FA71: 4:00-5:00 | FB71: 60 | FM71: 4:00-5:00 | FN71: 60 | FY71: 3:10-4:00
C72: ='Gen CP'!$B76 -> Orgil E | E72: ='Gen CP'!$B76 -> Orgil E | G72: ='Gen CP'!$B76 -> Orgil E | I72: ='Gen CP'!$B76 -> Orgil E | K72: =K54 -> Bartolome H | O72: ='Gen CP'!$C76 -> Carillo R | Q72: ='Gen CP'!$C76 -> Carillo R | S72: ='Gen CP'!$C76 -> Carillo R | U72: ='Gen CP'!$C76 -> Carillo R | W72: =W54 -> Orgil E | AA72: ='Gen CP'!$D76 -> Hierco M | AC72: ='Gen CP'!$D76 -> Hierco M | AE72: ='Gen CP'!$D76 -> Hierco M | AG72: ='Gen CP'!$D76 -> Hierco M | AI72: =AI54 -> Sarmiento F | AM72: ='Gen CP'!$E76 -> Guerrero LG | AO72: ='Gen CP'!$E76 -> Guerrero LG | AQ72: ='Gen CP'!$E76 -> Guerrero LG | AS72: ='Gen CP'!$E76 -> Guerrero LG | AU72: =AU54 -> Almadin H | AY72: ='Gen CP'!$F76 -> Tamondong A | BA72: ='Gen CP'!$F76 -> Tamondong A | BC72: ='Gen CP'!$F76 -> Tamondong A | BE72: ='Gen CP'!$F76 -> Tamondong A | BG72: =BG54 -> Pascua I | BK72: ='Gen CP'!$G76 -> Gardoce J | BM72: ='Gen CP'!$G76 -> Gardoce J | BO72: ='Gen CP'!$G76 -> Gardoce J | BQ72: ='Gen CP'!$G76 -> Gardoce J | BS72: =BS54 -> Tamondong A | BW72: ='Gen CP'!$H76 -> Sarmiento F | BY72: ='Gen CP'!$H76 -> Sarmiento F | CA72: ='Gen CP'!$H76 -> Sarmiento F | CC72: ='Gen CP'!$H76 -> Sarmiento F | CE72: =CE54 -> De Leon I | CI72: ='Gen CP'!$I76 -> Almadin H | CK72: ='Gen CP'!$I76 -> Almadin H | CM72: ='Gen CP'!$I76 -> Almadin H | CO72: ='Gen CP'!$I76 -> Almadin H | CQ72: =CQ54 -> Mercado R | CU72: ='Gen CP'!$J76 -> Lorenzo C | CW72: ='Gen CP'!$J76 -> Lorenzo C | CY72: ='Gen CP'!$J76 -> Lorenzo C | DA72: ='Gen CP'!$J76 -> Lorenzo C | DC72: =DC54 -> Marcelo OJ | DG72: H Bartolome | DI72: H Bartolome | DK72: H Bartolome | DM72: H Bartolome | DO72: =DO54 -> Gardoce J
A75: Prepared by: | I75: Approved by: | M75: Prepared by: | U75: Approved by: | Y75: Prepared by: | AG75: Approved by: | AK75: Prepared by: | AS75: Approved by: | AW75: Prepared by: | BE75: Approved by: | BI75: Prepared by: | BQ75: Approved by: | BU75: Prepared by: | CG75: Prepared by: | CO75: Approved by: | CS75: Prepared by: | DA75: Approved by: | DE75: Prepared by: | DM75: Approved by: | DQ75: Prepared by: | DY75: Approved by: | EC75: Prepared by: | EK75: Approved by: | EO75: Prepared by: | EW75: Approved by: | FA75: Prepared by: | FI75: Approved by: | FM75: Prepared by: | FU75: Approved by: | FY75: Prepared by: | GG75: Approved by:
B77: =B38 -> MELANIE J. YAMBOT | J77: =J38 -> AURORA T. AGUILA | N77: =B77 -> MELANIE J. YAMBOT | V77: =J77 -> AURORA T. AGUILA | Z77: =N77 -> MELANIE J. YAMBOT | AH77: =V77 -> AURORA T. AGUILA | AL77: =Z77 -> MELANIE J. YAMBOT | AT77: =AH77 -> AURORA T. AGUILA | AX77: =AL77 -> MELANIE J. YAMBOT | BF77: =AT77 -> AURORA T. AGUILA | BJ77: =AX77 -> MELANIE J. YAMBOT | BR77: =BF77 -> AURORA T. AGUILA | BV77: =BJ77 -> MELANIE J. YAMBOT | CD77: =BR77 -> AURORA T. AGUILA | CH77: =BV77 -> MELANIE J. YAMBOT | CP77: =CD77 -> AURORA T. AGUILA | CT77: =CH77 -> MELANIE J. YAMBOT | DB77: =CP77 -> AURORA T. AGUILA | DF77: =CT77 -> MELANIE J. YAMBOT | DN77: =DB77 -> AURORA T. AGUILA | DR77: =DF77 -> MELANIE J. YAMBOT | DZ77: =DN77 -> AURORA T. AGUILA | ED77: =DR77 -> MELANIE J. YAMBOT | EL77: =DZ77 -> AURORA T. AGUILA | EP77: EDISON V. ORGIL | EX77: AURORA T. AGUILA | FB77: EDISON V. ORGIL | FJ77: AURORA T. AGUILA | FN77: EDISON V. ORGIL | FV77: AURORA T. AGUILA | FZ77: =ED77 -> MELANIE J. YAMBOT | GH77: =EL77 -> AURORA T. AGUILA
B78: =B39 -> OIC Assistant Principal II | J78: =J39 -> School Principal IV | N78: =B78 -> OIC Assistant Principal II | V78: =J78 -> School Principal IV | Z78: =N78 -> OIC Assistant Principal II | AH78: =V78 -> School Principal IV | AL78: =Z78 -> OIC Assistant Principal II | AT78: =AH78 -> School Principal IV | AX78: OIC-Assistant Principal II | BF78: =AT78 -> School Principal IV | BJ78: =AX78 -> OIC-Assistant Principal II | BR78: =BF78 -> School Principal IV | BV78: =BJ78 -> OIC-Assistant Principal II | CD78: =BR78 -> School Principal IV | CH78: =BV78 -> OIC-Assistant Principal II | CP78: =CD78 -> School Principal IV | CT78: =CH78 -> OIC-Assistant Principal II | DB78: =CP78 -> School Principal IV | DF78: =CT78 -> OIC-Assistant Principal II | DN78: =DB78 -> School Principal IV | DR78: =DF78 -> OIC-Assistant Principal II | DZ78: =DN78 -> School Principal IV | ED78: =DR78 -> OIC-Assistant Principal II | EL78: =DZ78 -> School Principal IV | EP78: OIC-Assistant Principal II | EX78: School Principal IV | FB78: OIC-Assistant Principal II | FJ78: School Principal IV | FN78: OIC-Assistant Principal II | FV78: School Principal IV | FZ78: =ED78 -> OIC-Assistant Principal II | GH78: =EL78 -> School Principal IV

Sheet Sheet1
J2: 5
D3: 1 | E3: 0.30555556 | F3: 0.33888889 | G3: =F3-E3 -> 0.033333333 | I3: =G3*$J$2 -> 0.16666667
D4: 2 | E4: =F3 -> 0.33888889 | F4: 0.38055556 | G4: =F4-E4 -> 0.041666667 | I4: =G4*$J$2 -> 0.20833333 | J4: 1
E5: =F4 -> 0.38055556 | F5: =E6 -> 0.4 | G5: =F5-E5 -> 0.019444444
D6: 3 | E6: 0.4 | F6: 0.43333333 | G6: =F6-E6 -> 0.033333333 | I6: =G6*$J$2 -> 0.16666667
D7: 4 | E7: =F6 -> 0.43333333 | F7: 0.46666667 | G7: =F7-E7 -> 0.033333333 | I7: =G7*$J$2 -> 0.16666667
D8: 5 | E8: =F7 -> 0.46666667 | F8: 0.49930556 | G8: =F8-E8 -> 0.032638889 | I8: =G8*$J$2 -> 0.16319444
D9: 6 | E9: 0.041666667 | F9: 0.083333333 | G9: =F9-E9 -> 0.041666667 | I9: =G9*$J$2 -> 0.20833333 | J9: 1
D10: 7 | E10: =F9 -> 0.083333333 | F10: 0.11666667 | G10: =F10-E10 -> 0.033333333 | I10: =G10*$J$2 -> 0.16666667
D11: 8 | E11: 0.13194444 | F11: 0.17361111 | G11: =F11-E11 -> 0.041666667 | I11: =G11*$J$2 -> 0.20833333 | J11: 1

Sheet Teacher's Sched
A1: Republic of the Philippines | M1: Republic of the Philippines | Y1: Republic of the Philippines | AK1: Republic of the Philippines | AW1: Republic of the Philippines | BI1: Republic of the Philippines | BU1: Republic of the Philippines | CG1: Republic of the Philippines | CS1: Republic of the Philippines | DE1: Republic of the Philippines | DQ1: Republic of the Philippines | EC1: Republic of the Philippines | EO1: Republic of the Philippines | FA1: Republic of the Philippines | FM1: Republic of the Philippines | FY1: Republic of the Philippines | GK1: Republic of the Philippines | GW1: Republic of the Philippines | HI1: Republic of the Philippines | HU1: Republic of the Philippines | IG1: Republic of the Philippines | IS1: Republic of the Philippines | JE1: Republic of the Philippines | JQ1: Republic of the Philippines | KC1: Republic of the Philippines | KO1: Republic of the Philippines | LA1: Republic of the Philippines | LM1: Republic of the Philippines | LY1: Republic of the Philippines | MK1: Republic of the Philippines | MW1: Republic of the Philippines | NI1: Republic of the Philippines | NU1: Republic of the Philippines | OG1: Republic of the Philippines | OS1: Republic of the Philippines | PE1: Republic of the Philippines
A2: Region III | M2: Region III | Y2: Region III | AK2: Region III | AW2: Region III | BI2: Region III | BU2: Region III | CG2: Region III | CS2: Region III | DE2: Region III | DQ2: Region III | EC2: Region III | EO2: Region III | FA2: Region III | FM2: Region III | FY2: Region III | GK2: Region III | GW2: Region III | HI2: Region III | HU2: Region III | IG2: Region III | IS2: Region III | JE2: Region III | JQ2: Region III | KC2: Region III | KO2: Region III | LA2: Region III | LM2: Region III | LY2: Region III | MK2: Region III | MW2: Region III | NI2: Region III | NU2: Region III | OG2: Region III | OS2: Region III | PE2: Region III
A3: Schools Division of Nueva Ecija | M3: Schools Division of Nueva Ecija | Y3: Schools Division of Nueva Ecija | AK3: Schools Division of Nueva Ecija | AW3: Schools Division of Nueva Ecija | BI3: Schools Division of Nueva Ecija | BU3: Schools Division of Nueva Ecija | CG3: Schools Division of Nueva Ecija | CS3: Schools Division of Nueva Ecija | DE3: Schools Division of Nueva Ecija | DQ3: Schools Division of Nueva Ecija | EC3: Schools Division of Nueva Ecija | EO3: Schools Division of Nueva Ecija | FA3: Schools Division of Nueva Ecija | FM3: Schools Division of Nueva Ecija | FY3: Schools Division of Nueva Ecija | GK3: Schools Division of Nueva Ecija | GW3: Schools Division of Nueva Ecija | HI3: Schools Division of Nueva Ecija | HU3: Schools Division of Nueva Ecija | IG3: Schools Division of Nueva Ecija | IS3: Schools Division of Nueva Ecija | JE3: Schools Division of Nueva Ecija | JQ3: Schools Division of Nueva Ecija | KC3: Schools Division of Nueva Ecija | KO3: Schools Division of Nueva Ecija | LA3: Schools Division of Nueva Ecija | LM3: Schools Division of Nueva Ecija | LY3: Schools Division of Nueva Ecija | MK3: Schools Division of Nueva Ecija | MW3: Schools Division of Nueva Ecija | NI3: Schools Division of Nueva Ecija | NU3: Schools Division of Nueva Ecija | OG3: Schools Division of Nueva Ecija | OS3: Schools Division of Nueva Ecija | PE3: Schools Division of Nueva Ecija
A4: JULIA ORTIZ LUIS NATIONAL HIGH SCHOOL | M4: JULIA ORTIZ LUIS NATIONAL HIGH SCHOOL | Y4: JULIA ORTIZ LUIS NATIONAL HIGH SCHOOL | AK4: JULIA ORTIZ LUIS NATIONAL HIGH SCHOOL | AW4: JULIA ORTIZ LUIS NATIONAL HIGH SCHOOL | BI4: JULIA ORTIZ LUIS NATIONAL HIGH SCHOOL | BU4: JULIA ORTIZ LUIS NATIONAL HIGH SCHOOL | CG4: JULIA ORTIZ LUIS NATIONAL HIGH SCHOOL | CS4: JULIA ORTIZ LUIS NATIONAL HIGH SCHOOL | DE4: JULIA ORTIZ LUIS NATIONAL HIGH SCHOOL | DQ4: JULIA ORTIZ LUIS NATIONAL HIGH SCHOOL | EC4: JULIA ORTIZ LUIS NATIONAL HIGH SCHOOL | EO4: JULIA ORTIZ LUIS NATIONAL HIGH SCHOOL | FA4: JULIA ORTIZ LUIS NATIONAL HIGH SCHOOL | FM4: JULIA ORTIZ LUIS NATIONAL HIGH SCHOOL | FY4: JULIA ORTIZ LUIS NATIONAL HIGH SCHOOL | GK4: JULIA ORTIZ LUIS NATIONAL HIGH SCHOOL | GW4: JULIA ORTIZ LUIS NATIONAL HIGH SCHOOL | HI4: JULIA ORTIZ LUIS NATIONAL HIGH SCHOOL | HU4: JULIA ORTIZ LUIS NATIONAL HIGH SCHOOL | IG4: JULIA ORTIZ LUIS NATIONAL HIGH SCHOOL | IS4: JULIA ORTIZ LUIS NATIONAL HIGH SCHOOL | JE4: JULIA ORTIZ LUIS NATIONAL HIGH SCHOOL | JQ4: JULIA ORTIZ LUIS NATIONAL HIGH SCHOOL | KC4: JULIA ORTIZ LUIS NATIONAL HIGH SCHOOL | KO4: JULIA ORTIZ LUIS NATIONAL HIGH SCHOOL | LA4: JULIA ORTIZ LUIS NATIONAL HIGH SCHOOL | LM4: JULIA ORTIZ LUIS NATIONAL HIGH SCHOOL | LY4: JULIA ORTIZ LUIS NATIONAL HIGH SCHOOL | MK4: JULIA ORTIZ LUIS NATIONAL HIGH SCHOOL | MW4: JULIA ORTIZ LUIS NATIONAL HIGH SCHOOL | NI4: JULIA ORTIZ LUIS NATIONAL HIGH SCHOOL | NU4: JULIA ORTIZ LUIS NATIONAL HIGH SCHOOL | OG4: JULIA ORTIZ LUIS NATIONAL HIGH SCHOOL | OS4: JULIA ORTIZ LUIS NATIONAL HIGH SCHOOL | PE4: JULIA ORTIZ LUIS NATIONAL HIGH SCHOOL
A5: Sagaba, Sto. Domongo, Nueva Ecija | M5: Sagaba, Sto. Domongo, Nueva Ecija | Y5: Sagaba, Sto. Domongo, Nueva Ecija | AK5: Sagaba, Sto. Domongo, Nueva Ecija | AW5: Sagaba, Sto. Domongo, Nueva Ecija | BI5: Sagaba, Sto. Domongo, Nueva Ecija | BU5: Sagaba, Sto. Domongo, Nueva Ecija | CG5: Sagaba, Sto. Domongo, Nueva Ecija | CS5: Sagaba, Sto. Domongo, Nueva Ecija | DE5: Sagaba, Sto. Domongo, Nueva Ecija | DQ5: Sagaba, Sto. Domongo, Nueva Ecija | EC5: Sagaba, Sto. Domongo, Nueva Ecija | EO5: Sagaba, Sto. Domongo, Nueva Ecija | FA5: Sagaba, Sto. Domongo, Nueva Ecija | FM5: Sagaba, Sto. Domongo, Nueva Ecija | FY5: Sagaba, Sto. Domongo, Nueva Ecija | GK5: Sagaba, Sto. Domongo, Nueva Ecija | GW5: Sagaba, Sto. Domongo, Nueva Ecija | HI5: Sagaba, Sto. Domongo, Nueva Ecija | HU5: Sagaba, Sto. Domongo, Nueva Ecija | IG5: Sagaba, Sto. Domongo, Nueva Ecija | IS5: Sagaba, Sto. Domongo, Nueva Ecija | JE5: Sagaba, Sto. Domongo, Nueva Ecija | JQ5: Sagaba, Sto. Domongo, Nueva Ecija | KC5: Sagaba, Sto. Domongo, Nueva Ecija | KO5: Sagaba, Sto. Domongo, Nueva Ecija | LA5: Sagaba, Sto. Domongo, Nueva Ecija | LM5: Sagaba, Sto. Domongo, Nueva Ecija | LY5: Sagaba, Sto. Domongo, Nueva Ecija | MK5: Sagaba, Sto. Domongo, Nueva Ecija | MW5: Sagaba, Sto. Domongo, Nueva Ecija | NI5: Sagaba, Sto. Domongo, Nueva Ecija | NU5: Sagaba, Sto. Domongo, Nueva Ecija | OG5: Sagaba, Sto. Domongo, Nueva Ecija | OS5: Sagaba, Sto. Domongo, Nueva Ecija | PE5: Sagaba, Sto. Domongo, Nueva Ecija
A7: TEACHER'S SCHEDULE | M7: TEACHER'S SCHEDULE | Y7: TEACHER'S SCHEDULE | AK7: TEACHER'S SCHEDULE | AW7: TEACHER'S SCHEDULE | BI7: TEACHER'S SCHEDULE | BU7: TEACHER'S SCHEDULE | CG7: TEACHER'S SCHEDULE | CS7: TEACHER'S SCHEDULE | DE7: TEACHER'S SCHEDULE | DQ7: TEACHER'S SCHEDULE | EC7: TEACHER'S SCHEDULE | EO7: TEACHER'S SCHEDULE | FA7: TEACHER'S SCHEDULE | FM7: TEACHER'S SCHEDULE | FY7: TEACHER'S SCHEDULE | GK7: TEACHER'S SCHEDULE | GW7: TEACHER'S SCHEDULE | HI7: TEACHER'S SCHEDULE | HU7: TEACHER'S SCHEDULE | IG7: TEACHER'S SCHEDULE | IS7: TEACHER'S SCHEDULE | JE7: TEACHER'S SCHEDULE | JQ7: TEACHER'S SCHEDULE | KC7: TEACHER'S SCHEDULE | KO7: TEACHER'S SCHEDULE | LA7: TEACHER'S SCHEDULE | LM7: TEACHER'S SCHEDULE | LY7: TEACHER'S SCHEDULE | MK7: TEACHER'S SCHEDULE | MW7: TEACHER'S SCHEDULE | NI7: TEACHER'S SCHEDULE | NU7: TEACHER'S SCHEDULE | OG7: TEACHER'S SCHEDULE | OS7: TEACHER'S SCHEDULE | PE7: TEACHER'S SCHEDULE
A8: ='Class Sch'!$I$9 -> First Semester S.Y. 2024-2025 | M8: ='Class Sch'!$I$9 -> First Semester S.Y. 2024-2025 | Y8: ='Class Sch'!$I$9 -> First Semester S.Y. 2024-2025 | AK8: ='Class Sch'!$I$9 -> First Semester S.Y. 2024-2025 | AW8: ='Class Sch'!$I$9 -> First Semester S.Y. 2024-2025 | BI8: ='Class Sch'!$I$9 -> First Semester S.Y. 2024-2025 | BU8: ='Class Sch'!$I$9 -> First Semester S.Y. 2024-2025 | CG8: ='Class Sch'!$I$9 -> First Semester S.Y. 2024-2025 | CS8: ='Class Sch'!$I$9 -> First Semester S.Y. 2024-2025 | DE8: ='Class Sch'!$I$9 -> First Semester S.Y. 2024-2025 | DQ8: ='Class Sch'!$I$9 -> First Semester S.Y. 2024-2025 | EC8: ='Class Sch'!$I$9 -> First Semester S.Y. 2024-2025 | EO8: ='Class Sch'!$I$9 -> First Semester S.Y. 2024-2025 | FA8: ='Class Sch'!$I$9 -> First Semester S.Y. 2024-2025 | FM8: ='Class Sch'!$I$9 -> First Semester S.Y. 2024-2025 | FY8: ='Class Sch'!$I$9 -> First Semester S.Y. 2024-2025 | GK8: ='Class Sch'!$I$9 -> First Semester S.Y. 2024-2025 | GW8: ='Class Sch'!$I$9 -> First Semester S.Y. 2024-2025 | HI8: ='Class Sch'!$I$9 -> First Semester S.Y. 2024-2025 | HU8: ='Class Sch'!$I$9 -> First Semester S.Y. 2024-2025 | IG8: ='Class Sch'!$I$9 -> First Semester S.Y. 2024-2025 | IS8: ='Class Sch'!$I$9 -> First Semester S.Y. 2024-2025 | JE8: ='Class Sch'!$I$9 -> First Semester S.Y. 2024-2025 | JQ8: ='Class Sch'!$I$9 -> First Semester S.Y. 2024-2025 | KC8: ='Class Sch'!$I$9 -> First Semester S.Y. 2024-2025 | KO8: ='Class Sch'!$I$9 -> First Semester S.Y. 2024-2025 | LA8: ='Class Sch'!$I$9 -> First Semester S.Y. 2024-2025 | LM8: ='Class Sch'!$I$9 -> First Semester S.Y. 2024-2025 | LY8: ='Class Sch'!$I$9 -> First Semester S.Y. 2024-2025 | MK8: ='Class Sch'!$I$9 -> First Semester S.Y. 2024-2025 | MW8: ='Class Sch'!$I$9 -> First Semester S.Y. 2024-2025 | NI8: ='Class Sch'!$I$9 -> First Semester S.Y. 2024-2025 | NU8: ='Class Sch'!$I$9 -> First Semester S.Y. 2024-2025 | OG8: ='Class Sch'!$I$9 -> First Semester S.Y. 2024-2025 | OS8: ='Class Sch'!$I$9 -> First Semester S.Y. 2024-2025 | PE8: ='Class Sch'!$I$9 -> First Semester S.Y. 2024-2025
A10: Name of Teacher: | C10: ='Class Sch'!B8 -> MAUREEN A. HIERCO | I10: Advisory: | K10: 11 STEM | M10: Name of Teacher: | O10: ='Class Sch'!N8 -> ROMARC B CORONEL | U10: Advisory: | W10: 11 HumSS A | Y10: Name of Teacher: | AA10: ='Class Sch'!Z8 -> MARIEFE M SAGNIP | AG10: Advisory: | AI10: 11 HumSS B | AK10: Name of Teacher: | AM10: ='Class Sch'!AL8 -> ROMNICK T. ESTRELLA | AS10: Advisory: | AU10: 11 HumSS C | AW10: Name of Teacher: | AY10: ='Class Sch'!AX8 -> ELENA MARIE A AGUILAR | BE10: Advisory: | BG10: 11 humSS D | BI10: Name of Teacher: | BK10: ='Class Sch'!BJ8 -> MERRY CHRISTINE B. MAMAID | BQ10: Advisory: | BS10: 11 HumSS E | BU10: Name of Teacher: | BW10: ='Class Sch'!BV8 -> DARWIN E, REYES | CC10: Advisory: | CE10: 11 AGRI | CG10: Name of Teacher: | CI10: ='Class Sch'!CH8 -> ANGEL JOY DIANNE ALMAZAN | CO10: Advisory: | CQ10: 11 SMAW | CS10: Name of Teacher: | CU10: ='Class Sch'!CT8 -> LOVELY GRACE GUERRERO | DA10: Advisory: | DC10: 11 ICT | DE10: Name of Teacher: | DG10: ='Class Sch'!DF8 -> REALINE S VALDEZ | DM10: Advisory: | DO10: 11 GAS | DQ10: Name of Teacher: | DS10: ='Class Sch'!DR8 -> TERESITA N. MANIQUIZ | DY10: Advisory: | EA10: 11 COOKERY | EC10: Name of Teacher: | EE10: ='Class Sch'!B47 -> HAROLD A BARTOLOME,Ph,D, | EK10: Advisory: | EM10: 12 STEM | EO10: Name of Teacher: | EQ10: ='Class Sch'!N47 -> EDISON V. ORGIL | EW10: Advisory: | EY10: 12 HumSS A | FA10: Name of Teacher: | FC10: ='Class Sch'!Z47 -> FERDINAND A SARMIENTO | FI10: Advisory: | FK10: 12 HumSS B | FM10: Name of Teacher: | FO10: ='Class Sch'!AL47 -> HANNAH JHANE C ALMADIN | FU10: Advisory: | FW10: 12 HumSS C | FY10: Name of Teacher: | GA10: ='Class Sch'!AX47 -> IMEEE R PASCUA | GG10: Advisory: | GI10: 12 HumSS D | GK10: Name of Teacher: | GM10: ='Class Sch'!BJ47 -> RICHARD T CARILLO | GS10: Advisory: | GU10: 12 AGRI | GW10: Name of Teacher: | GY10: ='Class Sch'!BV47 -> IRENEO L DE LEON | HE10: Advisory: | HG10: 12 SMAW | HI10: Name of Teacher: | HK10: ='Class Sch'!CH47 -> RAYMOND DL MERCADO | HQ10: Advisory: | HS10: 12 ICT | HU10: Name of Teacher: | HW10: ='Class Sch'!CT47 -> VICTORINO B DOMINGO | IC10: Advisory: | IE10: 12 GAS | IG10: Name of Teacher: | II10: ='Class Sch'!DF47 -> JOY P GARDOCE | IO10: Advisory: | IQ10: 12 COOKERY | IS10: Name of Teacher: | IU10: CRISTITUTO P. LORENZANA | JA10: Advisory: | JC10: International | JE10: Name of Teacher: | JG10: CYRAH H LORENZO | JM10: Co-Adviser: | JO10: 12 STEM | JQ10: Name of Teacher: | JS10: OLEN JOHN V MARCELO, Ph.D. | JY10: Co-Adviser: | KA10: 12 GAS | KC10: Name of Teacher: | KE10: ROMEO DR. CRISOSTOMO | KK10: Co-Adviser: | KM10: 11 GAS | KO10: Name of Teacher: | KQ10: ACHRISTALYN A.TAMONDONG | KW10: Co-Adviser: | KY10: 12 AGRI | LA10: Name of Teacher: | LI10: Advisory: | LM10: Name of Teacher: | LU10: Advisory: | LY10: Name of Teacher: | MG10: Advisory: | MK10: Name of Teacher: | MS10: Advisory: | MW10: Name of Teacher: | NE10: Advisory: | NI10: Name of Teacher: | NQ10: Advisory: | NU10: Name of Teacher: | OC10: Advisory: | OG10: Name of Teacher: | OO10: Advisory: | OS10: Name of Teacher: | PA10: Advisory: | PE10: Name of Teacher: | PM10: Advisory:
A11: Designation: | C11: ='Class Sch'!B9 -> Teacher III | I11: Strand: | K11: STEM | M11: Designation: | O11: ='Class Sch'!N9 -> Teacher III | U11: Strand: | W11: HumSS | Y11: Designation: | AA11: ='Class Sch'!Z9 -> Teacher II | AG11: Strand: | AI11: HumSS | AK11: Designation: | AM11: ='Class Sch'!AL9 -> Teacher II | AS11: Strand: | AU11: HumSS | AW11: Designation: | AY11: ='Class Sch'!AX9 -> Teacher II | BE11: Strand: | BG11: HumSS | BI11: Designation: | BK11: ='Class Sch'!BJ9 -> Teacher II | BQ11: Strand: | BS11: HumSS | BU11: Designation: | BW11: ='Class Sch'!BV9 -> Teacher III | CC11: Strand: | CE11: AFA | CG11: Designation: | CI11: ='Class Sch'!CH9 -> Teacher II | CO11: Strand: | CQ11: IA | CS11: Designation: | CU11: ='Class Sch'!CT9 -> Teacher II | DA11: Strand: | DC11: ICT | DE11: Designation: | DG11: ='Class Sch'!DF9 -> Teacher II | DM11: Strand: | DO11: GAS | DQ11: Designation: | DS11: ='Class Sch'!DR9 -> Teacher III | DY11: Strand: | EA11: H.E. | EC11: Designation: | EE11: ='Class Sch'!B48 -> Master Teacher I | EK11: Strand: | EM11: STEM | EO11: Designation: | EQ11: ='Class Sch'!N48 -> Master Teacher II | EW11: Strand: | EY11: HumSS | FA11: Designation: | FC11: ='Class Sch'!Z48 -> Teacher II | FI11: Strand: | FK11: HumSS | FM11: Designation: | FO11: ='Class Sch'!AL48 -> Teacher II | FU11: Strand: | FW11: HumSS | FY11: Designation: | GA11: ='Class Sch'!AX48 -> Teacher II | GG11: Strand: | GI11: HumSS | GK11: Designation: | GM11: ='Class Sch'!BJ48 -> Teacher III | GS11: Strand: | GU11: AFA | GW11: Designation: | GY11: ='Class Sch'!BV48 -> Master Teacher II | HE11: Strand: | HG11: I.A. | HI11: Designation: | HK11: ='Class Sch'!CH48 -> Teacher II | HQ11: Strand: | HS11: ICT | HU11: Designation: | HW11: ='Class Sch'!CT48 -> Teacher III | IC11: Strand: | IE11: GAS | IG11: Designation: | II11: ='Class Sch'!DF48 -> Teacher II | IO11: Strand: | IQ11: H.E. | IS11: Designation: | IU11: Teacher III | JA11: Strand: | JC11: ALL | JE11: Designation: | JG11: Teacher III | JM11: Strand: | JO11: STEM | JQ11: Designation: | JS11: Teacher III | JY11: Strand: | KA11: GAS | KC11: Designation: | KE11: Teacher II | KK11: Strand: | KM11: GAS | KO11: Designation: | KQ11: Teacher II | KW11: Strand: | KY11: AFA | LA11: Designation: | LC11: Teacher III | LI11: Strand: | LM11: Designation: | LO11: Teacher III | LU11: Strand: | LY11: Designation: | MA11: Teacher III | MG11: Strand: | MK11: Designation: | MM11: Teacher III | MS11: Strand: | MW11: Designation: | MY11: Teacher III | NE11: Strand: | NI11: Designation: | NK11: Teacher III | NQ11: Strand: | NU11: Designation: | NW11: Teacher III | OC11: Strand: | OG11: Designation: | OI11: Teacher III | OO11: Strand: | OS11: Designation: | OU11: Teacher III | PA11: Strand: | PE11: Designation: | PG11: Teacher III | PM11: Strand:
A13: Time | B13: No. of Minutes | C13: MONDAY | E13: TUESDAY | G13: WEDNESDAY | I13: THURSDAY | K13: FRIDAY | M13: Time | N13: No. of Minutes | O13: MONDAY | Q13: TUESDAY | S13: WEDNESDAY | U13: THURSDAY | W13: FRIDAY | Y13: Time | Z13: No. of Minutes | AA13: MONDAY | AC13: TUESDAY | AE13: WEDNESDAY | AG13: THURSDAY | AI13: FRIDAY | AK13: Time | AL13: No. of Minutes | AM13: MONDAY | AO13: TUESDAY | AQ13: WEDNESDAY | AS13: THURSDAY | AU13: FRIDAY | AW13: Time | AX13: No. of Minutes | AY13: MONDAY | BA13: TUESDAY | BC13: WEDNESDAY | BE13: THURSDAY | BG13: FRIDAY | BI13: Time | BJ13: No. of Minutes | BK13: MONDAY | BM13: TUESDAY | BO13: WEDNESDAY | BQ13: THURSDAY | BS13: FRIDAY | BU13: Time | BV13: No. of Minutes | BW13: MONDAY | BY13: TUESDAY | CA13: WEDNESDAY | CC13: THURSDAY | CE13: FRIDAY | CG13: Time | CH13: No. of Minutes | CI13: MONDAY | CK13: TUESDAY | CM13: WEDNESDAY | CO13: THURSDAY | CQ13: FRIDAY | CS13: Time | CT13: No. of Minutes | CU13: MONDAY | CW13: TUESDAY | CY13: WEDNESDAY | DA13: THURSDAY | DC13: FRIDAY | DE13: Time | DF13: No. of Minutes | DG13: MONDAY | DI13: TUESDAY | DK13: WEDNESDAY | DM13: THURSDAY | DO13: FRIDAY | DQ13: Time | DR13: No. of Minutes | DS13: MONDAY | DU13: TUESDAY | DW13: WEDNESDAY | DY13: THURSDAY | EA13: FRIDAY | EC13: Time | ED13: No. of Minutes | EE13: MONDAY | EG13: TUESDAY | EI13: WEDNESDAY | EK13: THURSDAY | EM13: FRIDAY | EO13: Time | EP13: No. of Minutes | EQ13: MONDAY | ES13: TUESDAY | EU13: WEDNESDAY | EW13: THURSDAY | EY13: FRIDAY | FA13: Time | FB13: No. of Minutes | FC13: MONDAY | FE13: TUESDAY | FG13: WEDNESDAY | FI13: THURSDAY | FK13: FRIDAY | FM13: Time | FN13: No. of Minutes | FO13: MONDAY | FQ13: TUESDAY | FS13: WEDNESDAY | FU13: THURSDAY | FW13: FRIDAY | FY13: Time | FZ13: No. of Minutes | GA13: MONDAY | GC13: TUESDAY | GE13: WEDNESDAY | GG13: THURSDAY | GI13: FRIDAY | GK13: Time | GL13: No. of Minutes | GM13: MONDAY | GO13: TUESDAY | GQ13: WEDNESDAY | GS13: THURSDAY | GU13: FRIDAY | GW13: Time | GX13: No. of Minutes | GY13: MONDAY | HA13: TUESDAY | HC13: WEDNESDAY | HE13: THURSDAY | HG13: FRIDAY | HI13: Time | HJ13: No. of Minutes | HK13: MONDAY | HM13: TUESDAY | HO13: WEDNESDAY | HQ13: THURSDAY | HS13: FRIDAY | HU13: Time | HV13: No. of Minutes | HW13: MONDAY | HY13: TUESDAY | IA13: WEDNESDAY | IC13: THURSDAY | IE13: FRIDAY | IG13: Time | IH13: No. of Minutes | II13: MONDAY | IK13: TUESDAY | IM13: WEDNESDAY | IO13: THURSDAY | IQ13: FRIDAY | IS13: Time | IT13: No. of Minutes | IU13: MONDAY | IW13: TUESDAY | IY13: WEDNESDAY | JA13: THURSDAY | JC13: FRIDAY | JE13: Time | JF13: No. of Minutes | JG13: MONDAY | JI13: TUESDAY | JK13: WEDNESDAY | JM13: THURSDAY | JO13: FRIDAY | JQ13: Time | JR13: No. of Minutes | JS13: MONDAY | JU13: TUESDAY | JW13: WEDNESDAY | JY13: THURSDAY | KA13: FRIDAY | KC13: Time | KD13: No. of Minutes | KE13: MONDAY | KG13: TUESDAY | KI13: WEDNESDAY | KK13: THURSDAY | KM13: FRIDAY | KO13: Time | KP13: No. of Minutes | KQ13: MONDAY | KS13: TUESDAY | KU13: WEDNESDAY | KW13: THURSDAY | KY13: FRIDAY | LA13: Time | LB13: No. of Minutes | LC13: MONDAY | LE13: TUESDAY | LG13: WEDNESDAY | LI13: THURSDAY | LK13: FRIDAY | LM13: Time | LN13: No. of Minutes | LO13: MONDAY | LQ13: TUESDAY | LS13: WEDNESDAY | LU13: THURSDAY | LW13: FRIDAY | LY13: Time | LZ13: No. of Minutes | MA13: MONDAY | MC13: TUESDAY | ME13: WEDNESDAY | MG13: THURSDAY | MI13: FRIDAY | MK13: Time | ML13: No. of Minutes | MM13: MONDAY | MO13: TUESDAY | MQ13: WEDNESDAY | MS13: THURSDAY | MU13: FRIDAY | MW13: Time | MX13: No. of Minutes | MY13: MONDAY | NA13: TUESDAY | NC13: WEDNESDAY | NE13: THURSDAY | NG13: FRIDAY | NI13: Time | NJ13: No. of Minutes | NK13: MONDAY | NM13: TUESDAY | NO13: WEDNESDAY | NQ13: THURSDAY | NS13: FRIDAY | NU13: Time | NV13: No. of Minutes | NW13: MONDAY | NY13: TUESDAY | OA13: WEDNESDAY | OC13: THURSDAY | OE13: FRIDAY | OG13: Time | OH13: No. of Minutes | OI13: MONDAY | OK13: TUESDAY | OM13: WEDNESDAY | OO13: THURSDAY | OQ13: FRIDAY | OS13: Time | OT13: No. of Minutes | OU13: MONDAY | OW13: TUESDAY | OY13: WEDNESDAY | PA13: THURSDAY | PC13: FRIDAY | PE13: Time | PF13: No. of Minutes | PG13: MONDAY | PI13: TUESDAY | PK13: WEDNESDAY | PM13: THURSDAY | PO13: FRIDAY
A15: 7:00-7:20 | C15: PRELIMINARY ACTIVITIES | M15: 7:00-7:20 | O15: PRELIMINARY ACTIVITIES | Y15: 7:00-7:20 | AA15: PRELIMINARY ACTIVITIES | AK15: 7:00-7:20 | AM15: PRELIMINARY ACTIVITIES | AW15: 7:00-7:20 | AY15: PRELIMINARY ACTIVITIES | BI15: 7:00-7:20 | BK15: PRELIMINARY ACTIVITIES | BU15: 7:00-7:20 | BW15: PRELIMINARY ACTIVITIES | CG15: 7:00-7:20 | CI15: PRELIMINARY ACTIVITIES | CS15: 7:00-7:20 | CU15: PRELIMINARY ACTIVITIES | DE15: 7:00-7:20 | DG15: PRELIMINARY ACTIVITIES | DQ15: 7:00-7:20 | DS15: PRELIMINARY ACTIVITIES | EC15: 7:00-7:20 | EE15: PRELIMINARY ACTIVITIES | EO15: 7:00-7:20 | EQ15: PRELIMINARY ACTIVITIES | FA15: 7:00-7:20 | FC15: PRELIMINARY ACTIVITIES | FM15: 7:00-7:20 | FO15: PRELIMINARY ACTIVITIES | FY15: 7:00-7:20 | GA15: PRELIMINARY ACTIVITIES | GK15: 7:00-7:20 | GM15: PRELIMINARY ACTIVITIES | GW15: 7:00-7:20 | GY15: PRELIMINARY ACTIVITIES | HI15: 7:00-7:20 | HK15: PRELIMINARY ACTIVITIES | HU15: 7:00-7:20 | HW15: PRELIMINARY ACTIVITIES | IG15: 7:00-7:20 | II15: PRELIMINARY ACTIVITIES | IS15: 7:00-7:20 | IU15: PRELIMINARY ACTIVITIES | JE15: 7:00-7:20 | JG15: PRELIMINARY ACTIVITIES | JQ15: 7:00-7:20 | JS15: PRELIMINARY ACTIVITIES | KC15: 7:00-7:20 | KE15: PRELIMINARY ACTIVITIES | KO15: 7:00-7:20 | KQ15: PRELIMINARY ACTIVITIES | LA15: 7:00-7:20 | LC15: PRELIMINARY ACTIVITIES | LM15: 7:00-7:20 | LO15: PRELIMINARY ACTIVITIES | LY15: 7:00-7:20 | MA15: PRELIMINARY ACTIVITIES | MK15: 7:00-7:20 | MM15: PRELIMINARY ACTIVITIES | MW15: 7:00-7:20 | MY15: PRELIMINARY ACTIVITIES | NI15: 7:00-7:20 | NK15: PRELIMINARY ACTIVITIES | NU15: 7:00-7:20 | NW15: PRELIMINARY ACTIVITIES | OG15: 7:00-7:20 | OI15: PRELIMINARY ACTIVITIES | OS15: 7:00-7:20 | OU15: PRELIMINARY ACTIVITIES | PE15: 7:00-7:20 | PG15: PRELIMINARY ACTIVITIES
A16: 7:20-8:10 | B16: =IF(AND(C16="",E16="",G16="",I16="",K16=""),"",(COUNTA(C16:L16)*50)) -> 250 | C16: HGP | E16: ='Gen CP'!B15 -> Earth Science | G16: =IF($E16="","",$E16) -> Earth Science | I16: =IF($E16="","",$E16) -> Earth Science | K16: =IF($E16="","",$E16) -> Earth Science | M16: 7:20-8:10 | N16: =IF(AND(O16="",Q16="",S16="",U16="",W16=""),"",COUNTA(O16:X16)*50) -> 250 | O16: HGP | Q16: ='Gen CP'!C15 -> MIL | S16: =IF($Q16="","",$Q16) -> MIL | U16: =IF($Q16="","",$Q16) -> MIL | W16: =IF($Q16="","",$Q16) -> MIL | Y16: 7:20-8:10 | Z16: =IF(AND(AA16="",AC16="",AE16="",AG16="",AI16=""),"",COUNTA(AA16:AJ16)*50) -> 250 | AA16: HGP | AC16: ='Gen CP'!D15 -> Oral Com | AE16: =IF($AC16="","",$AC16) -> Oral Com | AG16: =IF($AC16="","",$AC16) -> Oral Com | AI16: =IF($AC16="","",$AC16) -> Oral Com | AK16: 7:20-8:10 | AL16: =IF(AND(AM16="",AO16="",AQ16="",AS16="",AU16=""),"",COUNTA(AM16:AV16)*50) -> 250 | AM16: HGP | AO16: UCSP | AQ16: =IF($AO16="","",$AO16) -> UCSP | AS16: =IF($AO16="","",$AO16) -> UCSP | AU16: =IF($AO16="","",$AO16) -> UCSP | AW16: 7:20-8:10 | AX16: =IF(AND(AY16="",BA16="",BC16="",BE16="",BG16=""),"",COUNTA(AY16:BH16)*50) -> 250 | AY16: HGP | BA16: Kom Pan | BC16: =IF($BA16="","",$BA16) -> Kom Pan | BE16: =IF($BA16="","",$BA16) -> Kom Pan | BG16: =IF($BA16="","",$BA16) -> Kom Pan | BI16: 7:20-8:10 | BJ16: =IF(AND(BK16="",BM16="",BO16="",BQ16="",BS16=""),"",COUNTA(BK16:BT16)*50) -> 250 | BK16: HGP | BM16: UCSP | BO16: =IF($BM16="","",$BM16) -> UCSP | BQ16: =IF($BM16="","",$BM16) -> UCSP | BS16: =IF($BM16="","",$BM16) -> UCSP | BU16: 7:20-8:10 | BV16: =IF(AND(BW16="",BY16="",CA16="",CC16="",CE16=""),"",COUNTA(BW16:CF16)*50) -> 250 | BW16: HGP | BY16: ='Gen CP'!H15 -> Agri-Crops NC II | CA16: =IF($BY16="","",$BY16) -> Agri-Crops NC II | CC16: =IF($BY16="","",$BY16) -> Agri-Crops NC II | CE16: =IF($BY16="","",$BY16) -> Agri-Crops NC II | CG16: 7:20-8:10 | CH16: =IF(AND(CI16="",CK16="",CM16="",CO16="",CQ16=""),"",COUNTA(CI16:CR16)*50) -> 250 | CI16: HGP | CK16: ='Gen CP'!I15 -> Earth & Life | CM16: =IF($CK16="","",$CK16) -> Earth & Life | CO16: =IF($CK16="","",$CK16) -> Earth & Life | CQ16: =IF($CK16="","",$CK16) -> Earth & Life | CS16: 7:20-8:10 | CT16: =IF(AND(CU16="",CW16="",CY16="",DA16="",DC16=""),"",COUNTA(CU16:DD16)*50) -> 250 | CU16: HGP | CW16: ='Gen CP'!J15 -> Emp Tech | CY16: =IF($CW16="","",$CW16) -> Emp Tech | DA16: =IF($CW16="","",$CW16) -> Emp Tech | DC16: =IF($CW16="","",$CW16) -> Emp Tech | DE16: 7:20-8:10 | DF16: =IF(AND(DG16="",DI16="",DK16="",DM16="",DO16=""),"",COUNTA(DG16:DP16)*50) -> 250 | DG16: HGP | DI16: UCSP | DK16: =IF($DI16="","",$DI16) -> UCSP | DM16: =IF($DI16="","",$DI16) -> UCSP | DO16: =IF($DI16="","",$DI16) -> UCSP | DQ16: 7:20-8:10 | DR16: =IF(AND(DS16="",DU16="",DW16="",DY16="",EA16=""),"",COUNTA(DS16:EB16)*50) -> 250 | DS16: =DU16 -> Food and Beverage | DU16: ='Gen CP'!L15 -> Food and Beverage | DW16: =IF($DU16="","",$DU16) -> Food and Beverage | DY16: =IF($DU16="","",$DU16) -> Food and Beverage | EA16: =IF($DU16="","",$DU16) -> Food and Beverage | EC16: 7:20-8:10 | ED16: =IF(AND(EE16="",EG16="",EI16="",EK16="",EM16=""),"",COUNTA(EE16:EN16)*50) -> 250 | EE16: HGP | EG16: Research | EI16: =IF($EG16="","",$EG16) -> Research | EK16: =IF($EG16="","",$EG16) -> Research | EM16: =IF($EG16="","",$EG16) -> Research | EO16: 7:20-8:10 | EP16: =IF(AND(EQ16="",ES16="",EU16="",EW16="",EY16=""),"",COUNTA(EQ16:EZ16)*50) -> 250 | EQ16: HGP | ES16: Philo | EU16: =IF($ES16="","",$ES16) -> Philo | EW16: =IF($ES16="","",$ES16) -> Philo | EY16: =IF($ES16="","",$ES16) -> Philo | FA16: 7:20-8:10 | FB16: =IF(AND(FC16="",FE16="",FG16="",FI16="",FK16=""),"",COUNTA(FC16:FL16)*50) -> 250 | FC16: HGP | FE16: Philo | FG16: =IF($FE16="","",$FE16) -> Philo | FI16: =IF($FE16="","",$FE16) -> Philo | FK16: =IF($FE16="","",$FE16) -> Philo | FM16: 7:20-8:10 | FN16: =IF(AND(FO16="",FQ16="",FS16="",FU16="",FW16=""),"",COUNTA(FO16:FX16)*50) -> 250 | FO16: HGP | FQ16: PPG | FS16: =IF($FQ16="","",$FQ16) -> PPG | FU16: =IF($FQ16="","",$FQ16) -> PPG | FW16: =IF($FQ16="","",$FQ16) -> PPG | FY16: 7:20-8:10 | FZ16: =IF(AND(GA16="",GC16="",GE16="",GG16="",GI16=""),"",COUNTA(GA16:GJ16)*50) -> 250 | GA16: HGP | GC16: ='Gen CP'!F58 -> Piling Larang | GE16: =IF($GC16="","",$GC16) -> Piling Larang | GG16: =IF($GC16="","",$GC16) -> Piling Larang | GI16: =IF($GC16="","",$GC16) -> Piling Larang | GK16: 7:20-8:10 | GL16: 50 | GM16: HGP | GQ16: =IF($GO16="","",$GO16) | GS16: =IF($GO16="","",$GO16) | GU16: =IF($GO16="","",$GO16) | GW16: 7:20-8:10 | GX16: =IF(AND(GY16="",HA16="",HC16="",HE16="",HG16=""),"",COUNTA(GY16:HH16)*50) -> 250 | GY16: HGP | HA16: CPAR | HC16: =IF($HA16="","",$HA16) -> CPAR | HE16: =IF($HA16="","",$HA16) -> CPAR | HG16: =IF($HA16="","",$HA16) -> CPAR | HI16: 7:20-8:10 | HJ16: =IF(AND(HK16="",HM16="",HO16="",HQ16="",HS16=""),"",COUNTA(HK16:HT16)*50) -> 250 | HK16: HGP | HM16: CSS | HO16: =IF($HM16="","",$HM16) -> CSS | HQ16: =IF($HM16="","",$HM16) -> CSS | HS16: =IF($HM16="","",$HM16) -> CSS | HU16: 7:20-8:10 | HV16: 50 | HW16: HGP | IA16: =IF($HY16="","",$HY16) | IC16: =IF($HY16="","",$HY16) | IE16: =IF($HY16="","",$HY16) | IG16: 7:20-8:10 | IH16: =IF(AND(II16="",IK16="",IM16="",IO16="",IQ16=""),"",COUNTA(II16:IR16)*50) -> 250 | II16: HGP | IK16: CPAR | IM16: =IF($IK16="","",$IK16) -> CPAR | IO16: =IF($IK16="","",$IK16) -> CPAR | IQ16: =IF($IK16="","",$IK16) -> CPAR | IS16: 7:20-8:10 | IT16: =IF(AND(IU16="",IW16="",IY16="",JA16="",JC16=""),"",COUNTA(IU16:JD16)*50) | IY16: =IF($IW16="","",$IW16) | JA16: =IF($IW16="","",$IW16) | JC16: =IF($IW16="","",$IW16) | JE16: 7:20-8:10 | JF16: 50 | JG16: HGP | JK16: =IF($JI16="","",$JI16) | JM16: =IF($JI16="","",$JI16) | JO16: =IF($JI16="","",$JI16) | JQ16: 7:20-8:10 | JR16: =IF(AND(JS16="",JU16="",JW16="",JY16="",KA16=""),"",COUNTA(JS16:KB16)*50) -> 200 | JU16: ='Gen CP'!J58 -> Research 2 | JW16: =IF($JU16="","",$JU16) -> Research 2 | JY16: =IF($JU16="","",$JU16) -> Research 2 | KA16: =IF($JU16="","",$JU16) -> Research 2 | KC16: 7:20-8:10 | KD16: =IF(AND(KE16="",KG16="",KI16="",KK16="",KM16=""),"",COUNTA(KE16:KN16)*50) -> 200 | KG16: ='Gen CP'!I15 -> Earth & Life | KI16: =IF($KG16="","",$KG16) -> Earth & Life | KK16: =IF($KG16="","",$KG16) -> Earth & Life | KM16: =IF($KG16="","",$KG16) -> Earth & Life | KO16: 7:20-8:10 | KP16: =IF(AND(KQ16="",KS16="",KU16="",KW16="",KY16=""),"",COUNTA(KQ16:KZ16)*50) -> 250 | KQ16: HGP | KS16: ='Gen CP'!G58 -> Philo | KU16: =IF($KS16="","",$KS16) -> Philo | KW16: =IF($KS16="","",$KS16) -> Philo | KY16: =IF($KS16="","",$KS16) -> Philo | LA16: 7:20-8:10 | LB16: =IF(AND(LC16="",LE16="",LG16="",LI16="",LK16=""),"",COUNTA(LC16:LL16)*50) | LE16: =IF($LC16="","",$LC16) | LG16: =IF(LE16="","",LE16) | LI16: =IF($LC16="","",$LC16) | LK16: =IF($LC16="","",$LC16) | LM16: 7:20-8:10 | LN16: =IF(AND(LO16="",LQ16="",LS16="",LU16="",LW16=""),"",COUNTA(LO16:LX16)*50) | LQ16: =IF($LO16="","",$LO16) | LS16: =IF(LQ16="","",LQ16) | LU16: =IF($LO16="","",$LO16) | LW16: =IF($LO16="","",$LO16) | LY16: 7:20-8:10 | LZ16: =IF(AND(MA16="",MC16="",ME16="",MG16="",MI16=""),"",COUNTA(MA16:MJ16)*50) | MC16: =IF($MA16="","",$MA16) | ME16: =IF(MC16="","",MC16) | MG16: =IF($MA16="","",$MA16) | MI16: =IF($MA16="","",$MA16) | MK16: 7:20-8:10 | ML16: =IF(AND(MM16="",MO16="",MQ16="",MS16="",MU16=""),"",COUNTA(MM16:MV16)*50) | MO16: =IF($MM16="","",$MM16) | MQ16: =IF(MO16="","",MO16) | MS16: =IF($MM16="","",$MM16) | MU16: =IF($MM16="","",$MM16) | MW16: 7:20-8:10 | MX16: =IF(AND(MY16="",NA16="",NC16="",NE16="",NG16=""),"",COUNTA(MY16:NH16)*50) | NA16: =IF($MY16="","",$MY16) | NC16: =IF(NA16="","",NA16) | NE16: =IF($MY16="","",$MY16) | NG16: =IF($MY16="","",$MY16) | NI16: 7:20-8:10 | NJ16: =IF(AND(NK16="",NM16="",NO16="",NQ16="",NS16=""),"",COUNTA(NK16:NT16)*50) | NM16: =IF($NK16="","",$NK16) | NO16: =IF(NM16="","",NM16) | NQ16: =IF($NK16="","",$NK16) | NS16: =IF($NK16="","",$NK16) | NU16: 7:20-8:10 | NV16: =IF(AND(NW16="",NY16="",OA16="",OC16="",OE16=""),"",COUNTA(NW16:OF16)*50) | NY16: =IF($NW16="","",$NW16) | OA16: =IF(NY16="","",NY16) | OC16: =IF($NW16="","",$NW16) | OE16: =IF($NW16="","",$NW16) | OG16: 7:20-8:10 | OH16: =IF(AND(OI16="",OK16="",OM16="",OO16="",OQ16=""),"",COUNTA(OI16:OR16)*50) | OK16: =IF($OI16="","",$OI16) | OM16: =IF(OK16="","",OK16) | OO16: =IF($OI16="","",$OI16) | OQ16: =IF($OI16="","",$OI16) | OS16: 7:20-8:10 | OT16: =IF(AND(OU16="",OW16="",OY16="",PA16="",PC16=""),"",COUNTA(OU16:PD16)*50) | OW16: =IF($OU16="","",$OU16) | OY16: =IF(OW16="","",OW16) | PA16: =IF($OU16="","",$OU16) | PC16: =IF($OU16="","",$OU16) | PE16: 7:20-8:10 | PF16: =IF(PG16="","",COUNTA(PG16:PP16)*50) | PI16: =IF($PG16="","",$PG16) | PK16: =IF(PI16="","",PI16) | PM16: =IF($PG16="","",$PG16) | PO16: =IF($PG16="","",$PG16)
C17: 11 STEM | E17: =IF($C17="","",$C17) -> 11 STEM | G17: =IF($C17="","",$C17) -> 11 STEM | I17: =IF($C17="","",$C17) -> 11 STEM | K17: =IF($C17="","",$C17) -> 11 STEM | O17: 11 HumSS A | Q17: =IF($O17="","",$O17) -> 11 HumSS A | S17: =IF($O17="","",$O17) -> 11 HumSS A | U17: =IF($O17="","",$O17) -> 11 HumSS A | W17: =IF($O17="","",$O17) -> 11 HumSS A | AA17: 11 HumSS B | AC17: =IF($AA17="","",$AA17) -> 11 HumSS B | AE17: =IF($AA17="","",$AA17) -> 11 HumSS B | AG17: =IF($AA17="","",$AA17) -> 11 HumSS B | AI17: =IF($AA17="","",$AA17) -> 11 HumSS B | AM17: 11 HumSS C | AO17: =IF($AM17="","",$AM17) -> 11 HumSS C | AQ17: =IF($AM17="","",$AM17) -> 11 HumSS C | AS17: =IF($AM17="","",$AM17) -> 11 HumSS C | AU17: =IF($AM17="","",$AM17) -> 11 HumSS C | AY17: 11 HumSS D | BA17: =IF($AY17="","",$AY17) -> 11 HumSS D | BC17: =IF($AY17="","",$AY17) -> 11 HumSS D | BE17: =IF($AY17="","",$AY17) -> 11 HumSS D | BG17: =IF($AY17="","",$AY17) -> 11 HumSS D | BK17: 11 HumSS E | BM17: =IF($BK17="","",$BK17) -> 11 HumSS E | BO17: =IF($BK17="","",$BK17) -> 11 HumSS E | BQ17: =IF($BK17="","",$BK17) -> 11 HumSS E | BS17: =IF($BK17="","",$BK17) -> 11 HumSS E | BW17: 11 AGRI | BY17: =IF($BW17="","",$BW17) -> 11 AGRI | CA17: =IF($BW17="","",$BW17) -> 11 AGRI | CC17: =IF($BW17="","",$BW17) -> 11 AGRI | CE17: =IF($BW17="","",$BW17) -> 11 AGRI | CI17: 11 SMAW | CK17: =IF($CI17="","",$CI17) -> 11 SMAW | CM17: =IF($CI17="","",$CI17) -> 11 SMAW | CO17: =IF($CI17="","",$CI17) -> 11 SMAW | CQ17: =IF($CI17="","",$CI17) -> 11 SMAW | CU17: 11 ICT | CW17: =IF($CU17="","",$CU17) -> 11 ICT | CY17: =IF($CU17="","",$CU17) -> 11 ICT | DA17: =IF($CU17="","",$CU17) -> 11 ICT | DC17: =IF($CU17="","",$CU17) -> 11 ICT | DG17: 11 GAS | DI17: =IF($DG17="","",$DG17) -> 11 GAS | DK17: =IF($DG17="","",$DG17) -> 11 GAS | DM17: =IF($DG17="","",$DG17) -> 11 GAS | DO17: =IF($DG17="","",$DG17) -> 11 GAS | DS17: 11 Cookery | DU17: =IF($DS17="","",$DS17) -> 11 Cookery | DW17: =IF($DS17="","",$DS17) -> 11 Cookery | DY17: =IF($DS17="","",$DS17) -> 11 Cookery | EA17: =IF($DS17="","",$DS17) -> 11 Cookery | EE17: 12 STEM | EG17: =IF($EE17="","",$EE17) -> 12 STEM | EI17: =IF($EE17="","",$EE17) -> 12 STEM | EK17: =IF($EE17="","",$EE17) -> 12 STEM | EM17: =IF($EE17="","",$EE17) -> 12 STEM | EQ17: 12 HumSS A | ES17: =IF($EQ17="","",$EQ17) -> 12 HumSS A | EU17: =IF($EQ17="","",$EQ17) -> 12 HumSS A | EW17: =IF($EQ17="","",$EQ17) -> 12 HumSS A | EY17: =IF($EQ17="","",$EQ17) -> 12 HumSS A | FC17: 12 HumSS B | FE17: =IF($FC17="","",$FC17) -> 12 HumSS B | FG17: =IF($FC17="","",$FC17) -> 12 HumSS B | FI17: =IF($FC17="","",$FC17) -> 12 HumSS B | FK17: =IF($FC17="","",$FC17) -> 12 HumSS B | FO17: 12 HumSS C | FQ17: =IF($FO17="","",$FO17) -> 12 HumSS C | FS17: =IF($FO17="","",$FO17) -> 12 HumSS C | FU17: =IF($FO17="","",$FO17) -> 12 HumSS C | FW17: =IF($FO17="","",$FO17) -> 12 HumSS C | GA17: 12 HumSS D | GC17: =IF($GA17="","",$GA17) -> 12 HumSS D | GE17: =IF($GA17="","",$GA17) -> 12 HumSS D | GG17: =IF($GA17="","",$GA17) -> 12 HumSS D | GI17: =IF($GA17="","",$GA17) -> 12 HumSS D | GM17: 12 AGRI | GY17: 12 SMAW | HA17: =IF($GY17="","",$GY17) -> 12 SMAW | HC17: =IF($GY17="","",$GY17) -> 12 SMAW | HE17: =IF($GY17="","",$GY17) -> 12 SMAW | HG17: =IF($GY17="","",$GY17) -> 12 SMAW | HK17: 12 ICT | HM17: =IF($HK17="","",$HK17) -> 12 ICT | HO17: =IF($HK17="","",$HK17) -> 12 ICT | HQ17: =IF($HK17="","",$HK17) -> 12 ICT | HS17: =IF($HK17="","",$HK17) -> 12 ICT | HY17: =IF($HW17="","",$HW17) | IA17: =IF($HW17="","",$HW17) | IC17: =IF($HW17="","",$HW17) | IE17: =IF($HW17="","",$HW17) | II17: 12 H.E. | IK17: =IF($II17="","",$II17) -> 12 H.E. | IM17: =IF($II17="","",$II17) -> 12 H.E. | IO17: =IF($II17="","",$II17) -> 12 H.E. | IQ17: =IF($II17="","",$II17) -> 12 H.E. | IW17: =IF($IU17="","",$IU17) | IY17: =IF($IU17="","",$IU17) | JA17: =IF($IU17="","",$IU17) | JC17: =IF($IU17="","",$IU17) | JG17: 12 STEM | JS17: 12 GAS | JU17: =IF($JS17="","",$JS17) -> 12 GAS | JW17: =IF($JS17="","",$JS17) -> 12 GAS | JY17: =IF($JS17="","",$JS17) -> 12 GAS | KA17: =IF($JS17="","",$JS17) -> 12 GAS | KE17: 11 SMAW | KG17: =IF($KE17="","",$KE17) -> 11 SMAW | KI17: =IF($KE17="","",$KE17) -> 11 SMAW | KK17: =IF($KE17="","",$KE17) -> 11 SMAW | KM17: =IF($KE17="","",$KE17) -> 11 SMAW | KQ17: 12 AGRI | KS17: =IF($KQ17="","",$KQ17) -> 12 AGRI | KU17: =IF($KQ17="","",$KQ17) -> 12 AGRI | KW17: =IF($KQ17="","",$KQ17) -> 12 AGRI | KY17: =IF($KQ17="","",$KQ17) -> 12 AGRI | LE17: =IF($LC17="","",$LC17) | LG17: =IF($LC17="","",$LC17) | LI17: =IF($LC17="","",$LC17) | LK17: =IF($LC17="","",$LC17) | LQ17: =IF($LO17="","",$LO17) | LS17: =IF($LO17="","",$LO17) | LU17: =IF($LO17="","",$LO17) | LW17: =IF($LO17="","",$LO17) | MC17: =IF($MA17="","",$MA17) | ME17: =IF($MA17="","",$MA17) | MG17: =IF($MA17="","",$MA17) | MI17: =IF($MA17="","",$MA17) | MO17: =IF($MM17="","",$MM17) | MQ17: =IF($MM17="","",$MM17) | MS17: =IF($MM17="","",$MM17) | MU17: =IF($MM17="","",$MM17) | NA17: =IF($MY17="","",$MY17) | NC17: =IF($MY17="","",$MY17) | NE17: =IF($MY17="","",$MY17) | NG17: =IF($MY17="","",$MY17) | NM17: =IF($NK17="","",$NK17) | NO17: =IF($NK17="","",$NK17) | NQ17: =IF($NK17="","",$NK17) | NS17: =IF($NK17="","",$NK17) | NY17: =IF($NW17="","",$NW17) | OA17: =IF($NW17="","",$NW17) | OC17: =IF($NW17="","",$NW17) | OE17: =IF($NW17="","",$NW17) | OK17: =IF($OI17="","",$OI17) | OM17: =IF($OI17="","",$OI17) | OO17: =IF($OI17="","",$OI17) | OQ17: =IF($OI17="","",$OI17) | OW17: =IF($OU17="","",$OU17) | OY17: =IF($OU17="","",$OU17) | PA17: =IF($OU17="","",$OU17) | PC17: =IF($OU17="","",$OU17) | PI17: =IF($PG17="","",$PG17) | PK17: =IF($PG17="","",$PG17) | PM17: =IF($PG17="","",$PG17) | PO17: =IF($PG17="","",$PG17)
A18: 8:10-9:00 | B18: =IF(AND(C18="",E18="",G18="",I18="",K18=""),"",COUNTA(C18:L18)*50) -> 250 | C18: ='Gen CP'!F60 -> CPAR | E18: =IF($C18="","",$C18) -> CPAR | G18: =IF($C18="","",$C18) -> CPAR | I18: =IF($C18="","",$C18) -> CPAR | K18: =IF($C18="","",$C18) -> CPAR | M18: 8:10-9:00 | N18: =IF(AND(O18="",Q18="",S18="",U18="",W18=""),"",COUNTA(O18:X18)*50) | Q18: =IF($O18="","",$O18) | S18: =IF($O18="","",$O18) | U18: =IF($O18="","",$O18) | W18: =IF($O18="","",$O18) | Y18: 8:10-9:00 | Z18: =IF(AND(AA18="",AC18="",AE18="",AG18="",AI18=""),"",COUNTA(AA18:AJ18)*50) -> 250 | AA18: Oral Com | AC18: =IF($AA18="","",$AA18) -> Oral Com | AE18: =IF($AA18="","",$AA18) -> Oral Com | AG18: =IF($AA18="","",$AA18) -> Oral Com | AI18: =IF($AA18="","",$AA18) -> Oral Com | AK18: 8:10-9:00 | AL18: =IF(AND(AM18="",AO18="",AQ18="",AS18="",AU18=""),"",COUNTA(AM18:AV18)*50) -> 200 | AM18: UCSP | AO18: =IF($AM18="","",$AM18) -> UCSP | AS18: =IF($AM18="","",$AM18) -> UCSP | AU18: =IF($AM18="","",$AM18) -> UCSP | AW18: 8:10-9:00 | AX18: =IF(AND(AY18="",BA18="",BC18="",BE18="",BG18=""),"",COUNTA(AY18:BH18)*50) -> 250 | AY18: Kom Pan | BA18: =IF($AY18="","",$AY18) -> Kom Pan | BC18: =IF($AY18="","",$AY18) -> Kom Pan | BE18: =IF($AY18="","",$AY18) -> Kom Pan | BG18: =IF($AY18="","",$AY18) -> Kom Pan | BI18: 8:10-9:00 | BJ18: =IF(AND(BK18="",BM18="",BO18="",BQ18="",BS18=""),"",COUNTA(BK18:BT18)*50) -> 50 | BK18: =BK20 -> MIL | BU18: 8:10-9:00 | BV18: =IF(AND(BW18="",BY18="",CA18="",CC18="",CE18=""),"",COUNTA(BW18:CF18)*50) -> 250 | BW18: ='Gen CP'!H17 -> Agri-Crops NC II | BY18: =IF($BW18="","",$BW18) -> Agri-Crops NC II | CA18: =IF($BW18="","",$BW18) -> Agri-Crops NC II | CC18: =IF($BW18="","",$BW18) -> Agri-Crops NC II | CE18: =IF($BW18="","",$BW18) -> Agri-Crops NC II | CG18: 8:10-9:00 | CH18: =IF(AND(CI18="",CK18="",CM18="",CO18="",CQ18=""),"",COUNTA(CI18:CR18)*50) -> 250 | CI18: ='Gen CP'!G17 -> Earth & Life | CK18: =IF($CI18="","",$CI18) -> Earth & Life | CM18: =IF($CI18="","",$CI18) -> Earth & Life | CO18: =IF($CI18="","",$CI18) -> Earth & Life | CQ18: =IF($CI18="","",$CI18) -> Earth & Life | CS18: 8:10-9:00 | CT18: =IF(AND(CU18="",CW18="",CY18="",DA18="",DC18=""),"",COUNTA(CU18:DD18)*50) -> 200 | CW18: P.E. | CY18: P.E. | DA18: P.E. | DC18: P.E. | DE18: 8:10-9:00 | DF18: =IF(AND(DG18="",DI18="",DK18="",DM18="",DO18=""),"",COUNTA(DG18:DP18)*50) -> 250 | DG18: MIL | DI18: =IF($DG18="","",$DG18) -> MIL | DK18: =IF($DG18="","",$DG18) -> MIL | DM18: =IF($DG18="","",$DG18) -> MIL | DO18: =IF($DG18="","",$DG18) -> MIL | DQ18: 8:10-9:00 | DR18: =IF(AND(DS18="",DU18="",DW18="",DY18="",EA18=""),"",COUNTA(DS18:EB18)*50) -> 250 | DS18: ='Gen CP'!L17 -> Food and Beverage | DU18: Bread & Pastry | DW18: =IF($DS18="","",$DS18) -> Food and Beverage | DY18: =IF($DS18="","",$DS18) -> Food and Beverage | EA18: =IF($DS18="","",$DS18) -> Food and Beverage | EC18: 8:10-9:00 | ED18: =IF(AND(EE18="",EG18="",EI18="",EK18="",EM18=""),"",COUNTA(EE18:EN18)*50) -> 250 | EE18: ='Gen CP'!G17 -> Earth & Life | EG18: ='Gen CP'!I17 -> Oral Com | EI18: =IF($EE18="","",$EE18) -> Earth & Life | EK18: =IF($EE18="","",$EE18) -> Earth & Life | EM18: =IF($EE18="","",$EE18) -> Earth & Life | EO18: 8:10-9:00 | EP18: =IF(AND(EQ18="",ES18="",EU18="",EW18="",EY18=""),"",COUNTA(EQ18:EZ18)*50) -> 250 | EQ18: Philo | ES18: =IF($EQ18="","",$EQ18) -> Philo | EU18: =IF($EQ18="","",$EQ18) -> Philo | EW18: =IF($EQ18="","",$EQ18) -> Philo | EY18: =IF($EQ18="","",$EQ18) -> Philo | FA18: 8:10-9:00 | FB18: =IF(AND(FC18="",FE18="",FG18="",FI18="",FK18=""),"",COUNTA(FC18:FL18)*50) | FE18: =IF($FC18="","",$FC18) | FG18: =IF($FC18="","",$FC18) | FI18: =IF($FC18="","",$FC18) | FK18: =IF($FC18="","",$FC18) | FM18: 8:10-9:00 | FN18: =IF(AND(FO18="",FQ18="",FS18="",FU18="",FW18=""),"",COUNTA(FO18:FX18)*50) -> 250 | FO18: PPG | FQ18: =IF($FO18="","",$FO18) -> PPG | FS18: PPG | FU18: =IF($FO18="","",$FO18) -> PPG | FW18: =IF($FO18="","",$FO18) -> PPG | FY18: 8:10-9:00 | FZ18: =IF(AND(GA18="",GC18="",GE18="",GG18="",GI18=""),"",COUNTA(GA18:GJ18)*50) -> 250 | GA18: ='Gen CP'!K60 -> Piling Larang | GC18: =IF($GA18="","",$GA18) -> Piling Larang | GE18: =IF($GA18="","",$GA18) -> Piling Larang | GG18: =IF($GA18="","",$GA18) -> Piling Larang | GI18: =IF($GA18="","",$GA18) -> Piling Larang | GK18: 8:10-9:00 | GL18: =IF(AND(GM18="",GO18="",GQ18="",GS18="",GU18=""),"",COUNTA(GM18:GV18)*50) -> 250 | GM18: ='Gen CP'!G60 -> Agri-Crops NC II | GO18: =IF($GM18="","",$GM18) -> Agri-Crops NC II | GQ18: =IF($GM18="","",$GM18) -> Agri-Crops NC II | GS18: =IF($GM18="","",$GM18) -> Agri-Crops NC II | GU18: =IF($GM18="","",$GM18) -> Agri-Crops NC II | GW18: 8:10-9:00 | GX18: =IF(AND(GY18="",HA18="",HC18="",HE18="",HG18=""),"",COUNTA(GY18:HH18)*50) -> 200 | HA18: P.E. | HC18: P.E. | HE18: P.E. | HG18: P.E. | HI18: 8:10-9:00 | HJ18: =IF(AND(HK18="",HM18="",HO18="",HQ18="",HS18=""),"",COUNTA(HK18:HT18)*50) -> 250 | HK18: CSS | HM18: =IF($HK18="","",$HK18) -> CSS | HO18: =IF($HK18="","",$HK18) -> CSS | HQ18: =IF($HK18="","",$HK18) -> CSS | HS18: =IF($HK18="","",$HK18) -> CSS | HU18: 8:10-9:00 | HV18: =IF(AND(HW18="",HY18="",IA18="",IC18="",IE18=""),"",COUNTA(HW18:IF18)*50) -> 250 | HW18: ='Gen CP'!J17 -> Gen Math | HY18: =IF($HW18="","",$HW18) -> Gen Math | IA18: =IF($HW18="","",$HW18) -> Gen Math | IC18: =IF($HW18="","",$HW18) -> Gen Math | IE18: =IF($HW18="","",$HW18) -> Gen Math | IG18: 8:10-9:00 | IH18: =IF(AND(II18="",IK18="",IM18="",IO18="",IQ18=""),"",COUNTA(II18:IR18)*50) -> 250 | II18: DIASS | IK18: =IF($II18="","",$II18) -> DIASS | IM18: =IF($II18="","",$II18) -> DIASS | IO18: CPAR | IQ18: =IF($II18="","",$II18) -> DIASS | IS18: 8:10-9:00 | IT18: =IF(AND(IU18="",IW18="",IY18="",JA18="",JC18=""),"",COUNTA(IU18:JD18)*50) -> 250 | IU18: ='Gen CP'!B17 -> Pre-Calculus | IW18: =IF($IU18="","",$IU18) -> Pre-Calculus | IY18: =IF($IU18="","",$IU18) -> Pre-Calculus | JA18: =IF($IU18="","",$IU18) -> Pre-Calculus | JC18: =IF($IU18="","",$IU18) -> Pre-Calculus | JE18: 8:10-9:00 | JF18: =IF(AND(JG18="",JI18="",JK18="",JM18="",JO18=""),"",COUNTA(JG18:JP18)*50) -> 200 | JG18: ='Gen CP'!C60 -> Piling Larang | JK18: =IF($JG18="","",$JG18) -> Piling Larang | JM18: =IF($JG18="","",$JG18) -> Piling Larang | JO18: =IF($JG18="","",$JG18) -> Piling Larang | JQ18: 8:10-9:00 | JR18: =IF(AND(JS18="",JU18="",JW18="",JY18="",KA18=""),"",COUNTA(JS18:KB18)*50) -> 250 | JS18: ='Gen CP'!K17 -> Earth & Life | JU18: =IF($JS18="","",$JS18) -> Earth & Life | JW18: =IF($JS18="","",$JS18) -> Earth & Life | JY18: =IF($JS18="","",$JS18) -> Earth & Life | KA18: =IF($JS18="","",$JS18) -> Earth & Life | KC18: 8:10-9:00 | KD18: =IF(AND(KE18="",KG18="",KI18="",KK18="",KM18=""),"",COUNTA(KE18:KN18)*50) -> 250 | KE18: ='Gen CP'!F17 -> 21st Cen Lit | KG18: =IF($KE18="","",$KE18) -> 21st Cen Lit | KI18: =IF($KE18="","",$KE18) -> 21st Cen Lit | KK18: =IF($KE18="","",$KE18) -> 21st Cen Lit | KM18: =IF($KE18="","",$KE18) -> 21st Cen Lit | KO18: 8:10-9:00 | KP18: =IF(AND(KQ18="",KS18="",KU18="",KW18="",KY18=""),"",COUNTA(KQ18:KZ18)*50) -> 200 | KQ18: ='Gen CP'!I17 -> Oral Com | KS18: =IF($KQ18="","",$KQ18) -> Oral Com | KU18: =IF($KQ18="","",$KQ18) -> Oral Com | KY18: =IF($KQ18="","",$KQ18) -> Oral Com | LA18: 8:10-9:00 | LB18: =IF(AND(LC18="",LE18="",LG18="",LI18="",LK18=""),"",COUNTA(LC18:LL18)*50) | LE18: =IF($LC18="","",$LC18) | LG18: =IF($LC18="","",$LC18) | LI18: =IF($LC18="","",$LC18) | LK18: =IF($LC18="","",$LC18) | LM18: 8:10-9:00 | LN18: =IF(AND(LO18="",LQ18="",LS18="",LU18="",LW18=""),"",COUNTA(LO18:LX18)*50) | LQ18: =IF($LO18="","",$LO18) | LS18: =IF($LO18="","",$LO18) | LU18: =IF($LO18="","",$LO18) | LW18: =IF($LO18="","",$LO18) | LY18: 8:10-9:00 | LZ18: =IF(AND(MA18="",MC18="",ME18="",MG18="",MI18=""),"",COUNTA(MA18:MJ18)*50) | MC18: =IF($MA18="","",$MA18) | ME18: =IF($MA18="","",$MA18) | MG18: =IF($MA18="","",$MA18) | MI18: =IF($MA18="","",$MA18) | MK18: 8:10-9:00 | ML18: =IF(AND(MM18="",MO18="",MQ18="",MS18="",MU18=""),"",COUNTA(MM18:MV18)*50) | MO18: =IF($MM18="","",$MM18) | MQ18: =IF($MM18="","",$MM18) | MS18: =IF($MM18="","",$MM18) | MU18: =IF($MM18="","",$MM18) | MW18: 8:10-9:00 | MX18: =IF(AND(MY18="",NA18="",NC18="",NE18="",NG18=""),"",COUNTA(MY18:NH18)*50) | NA18: =IF($MY18="","",$MY18) | NC18: =IF($MY18="","",$MY18) | NE18: =IF($MY18="","",$MY18) | NG18: =IF($MY18="","",$MY18) | NI18: 8:10-9:00 | NJ18: =IF(AND(NK18="",NM18="",NO18="",NQ18="",NS18=""),"",COUNTA(NK18:NT18)*50) | NM18: =IF($NK18="","",$NK18) | NO18: =IF($NK18="","",$NK18) | NQ18: =IF($NK18="","",$NK18) | NS18: =IF($NK18="","",$NK18) | NU18: 8:10-9:00 | NV18: =IF(AND(NW18="",NY18="",OA18="",OC18="",OE18=""),"",COUNTA(NW18:OF18)*50) | NY18: =IF($NW18="","",$NW18) | OA18: =IF($NW18="","",$NW18) | OC18: =IF($NW18="","",$NW18) | OE18: =IF($NW18="","",$NW18) | OG18: 8:10-9:00 | OH18: =IF(AND(OI18="",OK18="",OM18="",OO18="",OQ18=""),"",COUNTA(OI18:OR18)*50) | OK18: =IF($OI18="","",$OI18) | OM18: =IF($OI18="","",$OI18) | OO18: =IF($OI18="","",$OI18) | OQ18: =IF($OI18="","",$OI18) | OS18: 8:10-9:00 | OT18: =IF(AND(OU18="",OW18="",OY18="",PA18="",PC18=""),"",COUNTA(OU18:PD18)*50) | OW18: =IF($OU18="","",$OU18) | OY18: =IF($OU18="","",$OU18) | PA18: =IF($OU18="","",$OU18) | PC18: =IF($OU18="","",$OU18) | PE18: 8:10-9:00 | PF18: =IF(PG18="","",COUNTA(PG18:PP18)*50) | PI18: =IF($PG18="","",$PG18) | PK18: =IF($PG18="","",$PG18) | PM18: =IF($PG18="","",$PG18) | PO18: =IF($PG18="","",$PG18)
C19: 12 HumSS D | E19: =IF($C19="","",$C19) -> 12 HumSS D | G19: =IF($C19="","",$C19) -> 12 HumSS D | I19: =IF($C19="","",$C19) -> 12 HumSS D | K19: =IF($C19="","",$C19) -> 12 HumSS D | Q19: =IF($O19="","",$O19) | S19: =IF($O19="","",$O19) | U19: =IF($O19="","",$O19) | W19: =IF($O19="","",$O19) | AA19: 11 HumSS C | AC19: =IF($AA19="","",$AA19) -> 11 HumSS C | AE19: =IF($AA19="","",$AA19) -> 11 HumSS C | AG19: =IF($AA19="","",$AA19) -> 11 HumSS C | AI19: =IF($AA19="","",$AA19) -> 11 HumSS C | AM19: 11 HumSS B | AO19: =IF($AM19="","",$AM19) -> 11 HumSS B | AS19: =IF($AM19="","",$AM19) -> 11 HumSS B | AU19: =IF($AM19="","",$AM19) -> 11 HumSS B | AY19: 11 HumSS A | BA19: =IF($AY19="","",$AY19) -> 11 HumSS A | BC19: =IF($AY19="","",$AY19) -> 11 HumSS A | BE19: =IF($AY19="","",$AY19) -> 11 HumSS A | BG19: =IF($AY19="","",$AY19) -> 11 HumSS A | BK19: =BK21 -> 12 GAS | BW19: 11 AGRI | BY19: =IF($BW19="","",$BW19) -> 11 AGRI | CA19: =IF($BW19="","",$BW19) -> 11 AGRI | CC19: =IF($BW19="","",$BW19) -> 11 AGRI | CE19: =IF($BW19="","",$BW19) -> 11 AGRI | CI19: 11 HumSS E | CK19: =IF($CI19="","",$CI19) -> 11 HumSS E | CM19: =IF($CI19="","",$CI19) -> 11 HumSS E | CO19: =IF($CI19="","",$CI19) -> 11 HumSS E | CQ19: =IF($CI19="","",$CI19) -> 11 HumSS E | CW19: 11 H.E. | CY19: 11 HumSS B | DA19: 11 SMAW | DC19: 12 GAS | DG19: 12 SMAW | DI19: =IF($DG19="","",$DG19) -> 12 SMAW | DK19: =IF($DG19="","",$DG19) -> 12 SMAW | DM19: =IF($DG19="","",$DG19) -> 12 SMAW | DO19: =IF($DG19="","",$DG19) -> 12 SMAW | DS19: 11 Cookery | DU19: 12 GAS | DW19: =IF($DS19="","",$DS19) -> 11 Cookery | DY19: =IF($DS19="","",$DS19) -> 11 Cookery | EA19: =IF($DS19="","",$DS19) -> 11 Cookery | EE19: 11 HumSS E | EG19: 12 HumSS E | EI19: =IF($EE19="","",$EE19) -> 11 HumSS E | EK19: =IF($EE19="","",$EE19) -> 11 HumSS E | EM19: =IF($EE19="","",$EE19) -> 11 HumSS E | EQ19: 12 STEM | ES19: =IF($EQ19="","",$EQ19) -> 12 STEM | EU19: =IF($EQ19="","",$EQ19) -> 12 STEM | EW19: =IF($EQ19="","",$EQ19) -> 12 STEM | EY19: =IF($EQ19="","",$EQ19) -> 12 STEM | FE19: =IF($FC19="","",$FC19) | FG19: =IF($FC19="","",$FC19) | FI19: =IF($FC19="","",$FC19) | FK19: =IF($FC19="","",$FC19) | FO19: 12 HumSS B | FQ19: =IF($FO19="","",$FO19) -> 12 HumSS B | FS19: 12 GAS | FU19: =IF($FO19="","",$FO19) -> 12 HumSS B | FW19: =IF($FO19="","",$FO19) -> 12 HumSS B | GA19: 12 H.E. | GC19: =IF($GA19="","",$GA19) -> 12 H.E. | GE19: =IF($GA19="","",$GA19) -> 12 H.E. | GG19: =IF($GA19="","",$GA19) -> 12 H.E. | GI19: =IF($GA19="","",$GA19) -> 12 H.E. | GM19: 12 AGRI | GO19: =IF($GM19="","",$GM19) -> 12 AGRI | GQ19: =IF($GM19="","",$GM19) -> 12 AGRI | GS19: =IF($GM19="","",$GM19) -> 12 AGRI | GU19: =IF($GM19="","",$GM19) -> 12 AGRI | HA19: 12 HumSS A | HC19: 12 HumSS B | HE19: 12 HumSS C | HG19: 12 STEM | HK19: 12 ICT | HM19: =IF($HK19="","",$HK19) -> 12 ICT | HO19: =IF($HK19="","",$HK19) -> 12 ICT | HQ19: =IF($HK19="","",$HK19) -> 12 ICT | HS19: =IF($HK19="","",$HK19) -> 12 ICT | HW19: 11 ICT | HY19: =IF($HW19="","",$HW19) -> 11 ICT | IA19: =IF($HW19="","",$HW19) -> 11 ICT | IC19: =IF($HW19="","",$HW19) -> 11 ICT | IE19: =IF($HW19="","",$HW19) -> 11 ICT | II19: 12 HumSS C | IK19: =IF($II19="","",$II19) -> 12 HumSS C | IM19: =IF($II19="","",$II19) -> 12 HumSS C | IO19: 12 GAS | IQ19: =IF($II19="","",$II19) -> 12 HumSS C | IU19: 11 STEM | IW19: =IF($IU19="","",$IU19) -> 11 STEM | IY19: =IF($IU19="","",$IU19) -> 11 STEM | JA19: =IF($IU19="","",$IU19) -> 11 STEM | JC19: =IF($IU19="","",$IU19) -> 11 STEM | JG19: 12 HumSS A | JK19: =IF($JG19="","",$JG19) -> 12 HumSS A | JM19: =IF($JG19="","",$JG19) -> 12 HumSS A | JO19: =IF($JG19="","",$JG19) -> 12 HumSS A | JS19: 11 GAS | JU19: =IF($JS19="","",$JS19) -> 11 GAS | JW19: =IF($JS19="","",$JS19) -> 11 GAS | JY19: =IF($JS19="","",$JS19) -> 11 GAS | KA19: =IF($JS19="","",$JS19) -> 11 GAS | KE19: 11 HumSS D | KG19: =IF($KE19="","",$KE19) -> 11 HumSS D | KI19: =IF($KE19="","",$KE19) -> 11 HumSS D | KK19: =IF($KE19="","",$KE19) -> 11 HumSS D | KM19: =IF($KE19="","",$KE19) -> 11 HumSS D | KQ19: 11 SMAW | KS19: =IF($KQ19="","",$KQ19) -> 11 SMAW | KU19: =IF($KQ19="","",$KQ19) -> 11 SMAW | KY19: =IF($KQ19="","",$KQ19) -> 11 SMAW | LE19: =IF($LC19="","",$LC19) | LG19: =IF($LC19="","",$LC19) | LI19: =IF($LC19="","",$LC19) | LK19: =IF($LC19="","",$LC19) | LQ19: =IF($LO19="","",$LO19) | LS19: =IF($LO19="","",$LO19) | LU19: =IF($LO19="","",$LO19) | LW19: =IF($LO19="","",$LO19) | MC19: =IF($MA19="","",$MA19) | ME19: =IF($MA19="","",$MA19) | MG19: =IF($MA19="","",$MA19) | MI19: =IF($MA19="","",$MA19) | MO19: =IF($MM19="","",$MM19) | MQ19: =IF($MM19="","",$MM19) | MS19: =IF($MM19="","",$MM19) | MU19: =IF($MM19="","",$MM19) | NA19: =IF($MY19="","",$MY19) | NC19: =IF($MY19="","",$MY19) | NE19: =IF($MY19="","",$MY19) | NG19: =IF($MY19="","",$MY19) | NM19: =IF($NK19="","",$NK19) | NO19: =IF($NK19="","",$NK19) | NQ19: =IF($NK19="","",$NK19) | NS19: =IF($NK19="","",$NK19) | NY19: =IF($NW19="","",$NW19) | OA19: =IF($NW19="","",$NW19) | OC19: =IF($NW19="","",$NW19) | OE19: =IF($NW19="","",$NW19) | OK19: =IF($OI19="","",$OI19) | OM19: =IF($OI19="","",$OI19) | OO19: =IF($OI19="","",$OI19) | OQ19: =IF($OI19="","",$OI19) | OW19: =IF($OU19="","",$OU19) | OY19: =IF($OU19="","",$OU19) | PA19: =IF($OU19="","",$OU19) | PC19: =IF($OU19="","",$OU19) | PI19: =IF($PG19="","",$PG19) | PK19: =IF($PG19="","",$PG19) | PM19: =IF($PG19="","",$PG19) | PO19: =IF($PG19="","",$PG19)
A20: 9:30-10:20 | B20: =IF(AND(C20="",E20="",G20="",I20="",K20=""),"",COUNTA(C20:L20)*50) -> 250 | C20: ='Gen CP'!E63 -> CPAR | E20: =IF($C20="","",$C20) -> CPAR | G20: =IF($C20="","",$C20) -> CPAR | I20: =IF($C20="","",$C20) -> CPAR | K20: =IF($C20="","",$C20) -> CPAR | M20: 9:30-10:20 | N20: =IF(AND(O20="",Q20="",S20="",U20="",W20=""),"",COUNTA(O20:X20)*50) -> 250 | O20: ='Gen CP'!G20 -> MIL | Q20: =IF($O20="","",$O20) -> MIL | S20: =IF($O20="","",$O20) -> MIL | U20: =IF($O20="","",$O20) -> MIL | W20: =IF($O20="","",$O20) -> MIL | Y20: 9:30-10:20 | Z20: =IF(AND(AA20="",AC20="",AE20="",AG20="",AI20=""),"",COUNTA(AA20:AJ20)*50) -> 250 | AA20: Oral Com | AC20: =IF($AA20="","",$AA20) -> Oral Com | AE20: =IF($AA20="","",$AA20) -> Oral Com | AG20: =IF($AA20="","",$AA20) -> Oral Com | AI20: =IF($AA20="","",$AA20) -> Oral Com | AK20: 9:30-10:20 | AL20: =IF(AND(AM20="",AO20="",AQ20="",AS20="",AU20=""),"",COUNTA(AM20:AV20)*50) -> 250 | AM20: UCSP | AO20: =IF($AM20="","",$AM20) -> UCSP | AQ20: =IF($AM20="","",$AM20) -> UCSP | AS20: =IF($AM20="","",$AM20) -> UCSP | AU20: =IF($AM20="","",$AM20) -> UCSP | AW20: 9:30-10:20 | AX20: =IF(AND(AY20="",BA20="",BC20="",BE20="",BG20=""),"",COUNTA(AY20:BH20)*50) -> 250 | AY20: Kom Pan | BA20: =IF($AY20="","",$AY20) -> Kom Pan | BC20: =IF($AY20="","",$AY20) -> Kom Pan | BE20: =IF($AY20="","",$AY20) -> Kom Pan | BG20: =IF($AY20="","",$AY20) -> Kom Pan | BI20: 9:30-10:20 | BJ20: =IF(AND(BK20="",BM20="",BO20="",BQ20="",BS20=""),"",COUNTA(BK20:BT20)*50) -> 200 | BK20: MIL | BO20: =IF($BK20="","",$BK20) -> MIL | BQ20: =IF($BK20="","",$BK20) -> MIL | BS20: =IF($BK20="","",$BK20) -> MIL | BU20: 9:30-10:20 | BV20: =IF(AND(BW20="",BY20="",CA20="",CC20="",CE20=""),"",COUNTA(BW20:CF20)*50) | BY20: =IF($BW20="","",$BW20) | CA20: =IF($BW20="","",$BW20) | CC20: =IF($BW20="","",$BW20) | CE20: =IF($BW20="","",$BW20) | CG20: 9:30-10:20 | CH20: =IF(AND(CI20="",CK20="",CM20="",CO20="",CQ20=""),"",COUNTA(CI20:CR20)*50) -> 250 | CI20: Earth & Life | CK20: =IF($CI20="","",$CI20) -> Earth & Life | CM20: =IF($CI20="","",$CI20) -> Earth & Life | CO20: =IF($CI20="","",$CI20) -> Earth & Life | CQ20: =IF($CI20="","",$CI20) -> Earth & Life | CS20: 9:30-10:20 | CT20: =IF(AND(CU20="",CW20="",CY20="",DA20="",DC20=""),"",COUNTA(CU20:DD20)*50) -> 150 | CW20: P.E. | CY20: P.E. | DC20: P.E. | DE20: 9:30-10:20 | DF20: =IF(AND(DG20="",DI20="",DK20="",DM20="",DO20=""),"",COUNTA(DG20:DP20)*50) -> 250 | DG20: ='Gen CP'!K63 -> 21st Cen Lit | DI20: =IF($DG20="","",$DG20) -> 21st Cen Lit | DK20: =IF($DG20="","",$DG20) -> 21st Cen Lit | DM20: =IF($DG20="","",$DG20) -> 21st Cen Lit | DO20: =IF($DG20="","",$DG20) -> 21st Cen Lit | DQ20: 9:30-10:20 | DR20: 80 | DU20: Bread & Pastry | DW20: =IF($DS20="","",$DS20) | DY20: =IF($DS20="","",$DS20) | EA20: =IF($DS20="","",$DS20) | EC20: 9:30-10:20 | ED20: =IF(AND(EE20="",EG20="",EI20="",EK20="",EM20=""),"",COUNTA(EE20:EN20)*50) -> 200 | EE20: Research | EI20: =IF($EE20="","",$EE20) -> Research | EK20: =IF($EE20="","",$EE20) -> Research | EM20: =IF($EE20="","",$EE20) -> Research | EO20: 9:30-10:20 | EP20: =IF(AND(EQ20="",ES20="",EU20="",EW20="",EY20=""),"",COUNTA(EQ20:EZ20)*50) -> 200 | EQ20: ='Gen CP'!E20 -> Earth & Life | ES20: =IF($EQ20="","",$EQ20) -> Earth & Life | EW20: =IF($EQ20="","",$EQ20) -> Earth & Life | EY20: =IF($EQ20="","",$EQ20) -> Earth & Life | FA20: 9:30-10:20 | FB20: =IF(AND(FC20="",FE20="",FG20="",FI20="",FK20=""),"",COUNTA(FC20:FL20)*50) -> 250 | FC20: ='Gen CP'!I20 -> SMAW NC I | FE20: =IF($FC20="","",$FC20) -> SMAW NC I | FG20: =IF($FC20="","",$FC20) -> SMAW NC I | FI20: =IF($FC20="","",$FC20) -> SMAW NC I | FK20: =IF($FC20="","",$FC20) -> SMAW NC I | FM20: 9:30-10:20 | FN20: =IF(AND(FO20="",FQ20="",FS20="",FU20="",FW20=""),"",COUNTA(FO20:FX20)*50) | FQ20: =IF($FO20="","",$FO20) | FS20: =IF($FO20="","",$FO20) | FU20: =IF($FO20="","",$FO20) | FW20: =IF($FO20="","",$FO20) | FY20: 9:30-10:20 | FZ20: =IF(AND(GA20="",GC20="",GE20="",GG20="",GI20=""),"",COUNTA(GA20:GJ20)*50) -> 250 | GA20: Piling Larang | GC20: =IF($GA20="","",$GA20) -> Piling Larang | GE20: =IF($GA20="","",$GA20) -> Piling Larang | GG20: =IF($GA20="","",$GA20) -> Piling Larang | GI20: =IF($GA20="","",$GA20) -> Piling Larang | GK20: 9:30-10:20 | GL20: =IF(AND(GM20="",GO20="",GQ20="",GS20="",GU20=""),"",COUNTA(GM20:GV20)*50) -> 250 | GM20: Agri-Crops NC II | GO20: =IF($GM20="","",$GM20) -> Agri-Crops NC II | GQ20: =IF($GM20="","",$GM20) -> Agri-Crops NC II | GS20: =IF($GM20="","",$GM20) -> Agri-Crops NC II | GU20: =IF($GM20="","",$GM20) -> Agri-Crops NC II | GW20: 9:30-10:20 | GX20: =IF(AND(GY20="",HA20="",HC20="",HE20="",HG20=""),"",COUNTA(GY20:HH20)*50) -> 250 | GY20: ='Gen CP'!B63 -> CPAR | HA20: =IF($GY20="","",$GY20) -> CPAR | HC20: =IF($GY20="","",$GY20) -> CPAR | HE20: =IF($GY20="","",$GY20) -> CPAR | HG20: =IF($GY20="","",$GY20) -> CPAR | HI20: 9:30-10:20 | HJ20: =IF(AND(HK20="",HM20="",HO20="",HQ20="",HS20=""),"",COUNTA(HK20:HT20)*50) -> 250 | HK20: CSS | HM20: =IF($HK20="","",$HK20) -> CSS | HO20: =IF($HK20="","",$HK20) -> CSS | HQ20: =IF($HK20="","",$HK20) -> CSS | HS20: =IF($HK20="","",$HK20) -> CSS | HU20: 9:30-10:20 | HV20: =IF(AND(HW20="",HY20="",IA20="",IC20="",IE20=""),"",COUNTA(HW20:IF20)*50) -> 250 | HW20: Gen Math | HY20: =IF($HW20="","",$HW20) -> Gen Math | IA20: =IF($HW20="","",$HW20) -> Gen Math | IC20: =IF($HW20="","",$HW20) -> Gen Math | IE20: =IF($HW20="","",$HW20) -> Gen Math | IG20: 9:30-10:20 | IH20: =IF(AND(II20="",IK20="",IM20="",IO20="",IQ20=""),"",COUNTA(II20:IR20)*50) -> 250 | II20: DIASS | IK20: =IF($II20="","",$II20) -> DIASS | IM20: =IF($II20="","",$II20) -> DIASS | IO20: =IF($II20="","",$II20) -> DIASS | IQ20: =IF($II20="","",$II20) -> DIASS | IS20: 9:30-10:20 | IT20: =IF(AND(IU20="",IW20="",IY20="",JA20="",JC20=""),"",COUNTA(IU20:JD20)*50) -> 250 | IU20: ='Gen CP'!B20 -> Gen Math | IW20: =IF($IU20="","",$IU20) -> Gen Math | IY20: =IF($IU20="","",$IU20) -> Gen Math | JA20: =IF($IU20="","",$IU20) -> Gen Math | JC20: =IF($IU20="","",$IU20) -> Gen Math | JE20: 9:30-10:20 | JF20: =IF(AND(JG20="",JI20="",JK20="",JM20="",JO20=""),"",COUNTA(JG20:JP20)*50) -> 250 | JG20: Piling Larang | JI20: =IF($JG20="","",$JG20) -> Piling Larang | JK20: =IF($JG20="","",$JG20) -> Piling Larang | JM20: =IF($JG20="","",$JG20) -> Piling Larang | JO20: =IF($JG20="","",$JG20) -> Piling Larang | JQ20: 9:30-10:20 | JR20: =IF(AND(JS20="",JU20="",JW20="",JY20="",KA20=""),"",COUNTA(JS20:KB20)*50) -> 250 | JS20: ='Gen CP'!L21 -> Marcelo OJ | JU20: =IF($JS20="","",$JS20) -> Marcelo OJ | JW20: =IF($JS20="","",$JS20) -> Marcelo OJ | JY20: =IF($JS20="","",$JS20) -> Marcelo OJ | KA20: =IF($JS20="","",$JS20) -> Marcelo OJ | KC20: 9:30-10:20 | KD20: =IF(AND(KE20="",KG20="",KI20="",KK20="",KM20=""),"",COUNTA(KE20:KN20)*50) -> 250 | KE20: ='Gen CP'!C20 -> 21st Cen Lit | KG20: =IF($KE20="","",$KE20) -> 21st Cen Lit | KI20: =IF($KE20="","",$KE20) -> 21st Cen Lit | KK20: =IF($KE20="","",$KE20) -> 21st Cen Lit | KM20: =IF($KE20="","",$KE20) -> 21st Cen Lit | KO20: 9:30-10:20 | KP20: =IF(AND(KQ20="",KS20="",KU20="",KW20="",KY20=""),"",COUNTA(KQ20:KZ20)*50) -> 250 | KQ20: ='Gen CP'!C63 -> Creative Non-Fiction | KS20: =IF($KQ20="","",$KQ20) -> Creative Non-Fiction | KU20: =IF($KQ20="","",$KQ20) -> Creative Non-Fiction | KW20: =IF($KQ20="","",$KQ20) -> Creative Non-Fiction | KY20: =IF($KQ20="","",$KQ20) -> Creative Non-Fiction | LA20: 9:30-10:20 | LB20: =IF(AND(LC20="",LE20="",LG20="",LI20="",LK20=""),"",COUNTA(LC20:LL20)*50) | LE20: =IF($LC20="","",$LC20) | LG20: =IF($LC20="","",$LC20) | LI20: =IF($LC20="","",$LC20) | LK20: =IF($LC20="","",$LC20) | LM20: 9:30-10:20 | LN20: =IF(AND(LO20="",LQ20="",LS20="",LU20="",LW20=""),"",COUNTA(LO20:LX20)*50) | LQ20: =IF($LO20="","",$LO20) | LS20: =IF($LO20="","",$LO20) | LU20: =IF($LO20="","",$LO20) | LW20: =IF($LO20="","",$LO20) | LY20: 9:30-10:20 | LZ20: =IF(AND(MA20="",MC20="",ME20="",MG20="",MI20=""),"",COUNTA(MA20:MJ20)*50) | MC20: =IF($MA20="","",$MA20) | ME20: =IF($MA20="","",$MA20) | MG20: =IF($MA20="","",$MA20) | MI20: =IF($MA20="","",$MA20) | MK20: 9:30-10:20 | ML20: =IF(AND(MM20="",MO20="",MQ20="",MS20="",MU20=""),"",COUNTA(MM20:MV20)*50) | MO20: =IF($MM20="","",$MM20) | MQ20: =IF($MM20="","",$MM20) | MS20: =IF($MM20="","",$MM20) | MU20: =IF($MM20="","",$MM20) | MW20: 9:30-10:20 | MX20: =IF(AND(MY20="",NA20="",NC20="",NE20="",NG20=""),"",COUNTA(MY20:NH20)*50) | NA20: =IF($MY20="","",$MY20) | NC20: =IF($MY20="","",$MY20) | NE20: =IF($MY20="","",$MY20) | NG20: =IF($MY20="","",$MY20) | NI20: 9:30-10:20 | NJ20: =IF(AND(NK20="",NM20="",NO20="",NQ20="",NS20=""),"",COUNTA(NK20:NT20)*50) | NM20: =IF($NK20="","",$NK20) | NO20: =IF($NK20="","",$NK20) | NQ20: =IF($NK20="","",$NK20) | NS20: =IF($NK20="","",$NK20) | NU20: 9:30-10:20 | NV20: =IF(AND(NW20="",NY20="",OA20="",OC20="",OE20=""),"",COUNTA(NW20:OF20)*50) | NY20: =IF($NW20="","",$NW20) | OA20: =IF($NW20="","",$NW20) | OC20: =IF($NW20="","",$NW20) | OE20: =IF($NW20="","",$NW20) | OG20: 9:30-10:20 | OH20: =IF(AND(OI20="",OK20="",OM20="",OO20="",OQ20=""),"",COUNTA(OI20:OR20)*50) | OK20: =IF($OI20="","",$OI20) | OM20: =IF($OI20="","",$OI20) | OO20: =IF($OI20="","",$OI20) | OQ20: =IF($OI20="","",$OI20) | OS20: 9:30-10:20 | OT20: =IF(AND(OU20="",OW20="",OY20="",PA20="",PC20=""),"",COUNTA(OU20:PD20)*50) | OW20: =IF($OU20="","",$OU20) | OY20: =IF($OU20="","",$OU20) | PA20: =IF($OU20="","",$OU20) | PC20: =IF($OU20="","",$OU20) | PE20: 9:30-10:20 | PF20: =IF(PG20="","",COUNTA(PG20:PP20)*50) | PI20: =IF($PG20="","",$PG20) | PK20: =IF($PG20="","",$PG20) | PM20: =IF($PG20="","",$PG20) | PO20: =IF($PG20="","",$PG20)
C21: 12 HumSS C | E21: =IF($C21="","",$C21) -> 12 HumSS C | G21: =IF($C21="","",$C21) -> 12 HumSS C | I21: =IF($C21="","",$C21) -> 12 HumSS C | K21: =IF($C21="","",$C21) -> 12 HumSS C | O21: 11 HumSS E | Q21: =IF($O21="","",$O21) -> 11 HumSS E | S21: =IF($O21="","",$O21) -> 11 HumSS E | U21: =IF($O21="","",$O21) -> 11 HumSS E | W21: =IF($O21="","",$O21) -> 11 HumSS E | AA21: 11 HumSS D | AC21: =IF($AA21="","",$AA21) -> 11 HumSS D | AE21: =IF($AA21="","",$AA21) -> 11 HumSS D | AG21: =IF($AA21="","",$AA21) -> 11 HumSS D | AI21: =IF($AA21="","",$AA21) -> 11 HumSS D | AM21: 11 AGRI | AO21: =IF($AM21="","",$AM21) -> 11 AGRI | AQ21: =IF($AM21="","",$AM21) -> 11 AGRI | AS21: =IF($AM21="","",$AM21) -> 11 AGRI | AU21: =IF($AM21="","",$AM21) -> 11 AGRI | AY21: 11 HumSS B | BA21: =IF($AY21="","",$AY21) -> 11 HumSS B | BC21: =IF($AY21="","",$AY21) -> 11 HumSS B | BE21: =IF($AY21="","",$AY21) -> 11 HumSS B | BG21: =IF($AY21="","",$AY21) -> 11 HumSS B | BK21: 12 GAS | BO21: =IF($BK21="","",$BK21) -> 12 GAS | BQ21: =IF($BK21="","",$BK21) -> 12 GAS | BS21: =IF($BK21="","",$BK21) -> 12 GAS | BY21: =IF($BW21="","",$BW21) | CA21: =IF($BW21="","",$BW21) | CC21: =IF($BW21="","",$BW21) | CE21: =IF($BW21="","",$BW21) | CI21: 11 HumSS C | CK21: =IF($CI21="","",$CI21) -> 11 HumSS C | CM21: =IF($CI21="","",$CI21) -> 11 HumSS C | CO21: =IF($CI21="","",$CI21) -> 11 HumSS C | CQ21: =IF($CI21="","",$CI21) -> 11 HumSS C | CW21: 12 ICT | CY21: 11 HumSS C | DC21: 11 STEM | DG21: 12 Cookery | DI21: =IF($DG21="","",$DG21) -> 12 Cookery | DK21: =IF($DG21="","",$DG21) -> 12 Cookery | DM21: =IF($DG21="","",$DG21) -> 12 Cookery | DO21: =IF($DG21="","",$DG21) -> 12 Cookery | DU21: 12 GAS | DW21: =IF($DS21="","",$DS21) | DY21: =IF($DS21="","",$DS21) | EA21: =IF($DS21="","",$DS21) | EE21: 12 ICT | EI21: =IF($EE21="","",$EE21) -> 12 ICT | EK21: =IF($EE21="","",$EE21) -> 12 ICT | EM21: =IF($EE21="","",$EE21) -> 12 ICT | EQ21: 11 HumSS C | ES21: =IF($EQ21="","",$EQ21) -> 11 HumSS C | EW21: =IF($EQ21="","",$EQ21) -> 11 HumSS C | EY21: =IF($EQ21="","",$EQ21) -> 11 HumSS C | FC21: 11 SMAW | FE21: =IF($FC21="","",$FC21) -> 11 SMAW | FG21: =IF($FC21="","",$FC21) -> 11 SMAW | FI21: =IF($FC21="","",$FC21) -> 11 SMAW | FK21: =IF($FC21="","",$FC21) -> 11 SMAW | FQ21: =IF($FO21="","",$FO21) | FS21: =IF($FO21="","",$FO21) | FU21: =IF($FO21="","",$FO21) | FW21: =IF($FO21="","",$FO21) | GA21: 12 SMAW | GC21: =IF($GA21="","",$GA21) -> 12 SMAW | GE21: =IF($GA21="","",$GA21) -> 12 SMAW | GG21: =IF($GA21="","",$GA21) -> 12 SMAW | GI21: =IF($GA21="","",$GA21) -> 12 SMAW | GM21: 12 AGRI | GO21: =IF($GM21="","",$GM21) -> 12 AGRI | GQ21: =IF($GM21="","",$GM21) -> 12 AGRI | GS21: =IF($GM21="","",$GM21) -> 12 AGRI | GU21: =IF($GM21="","",$GM21) -> 12 AGRI | GY21: 12 SMAW | HA21: =IF($GY21="","",$GY21) -> 12 SMAW | HC21: =IF($GY21="","",$GY21) -> 12 SMAW | HE21: =IF($GY21="","",$GY21) -> 12 SMAW | HG21: =IF($GY21="","",$GY21) -> 12 SMAW | HK21: 11 ICT | HM21: =IF($HK21="","",$HK21) -> 11 ICT | HO21: =IF($HK21="","",$HK21) -> 11 ICT | HQ21: =IF($HK21="","",$HK21) -> 11 ICT | HS21: =IF($HK21="","",$HK21) -> 11 ICT | HW21: 11 GAS | HY21: =IF($HW21="","",$HW21) -> 11 GAS | IA21: =IF($HW21="","",$HW21) -> 11 GAS | IC21: =IF($HW21="","",$HW21) -> 11 GAS | IE21: =IF($HW21="","",$HW21) -> 11 GAS | II21: 12 HumSS D | IK21: =IF($II21="","",$II21) -> 12 HumSS D | IM21: =IF($II21="","",$II21) -> 12 HumSS D | IO21: =IF($II21="","",$II21) -> 12 HumSS D | IQ21: =IF($II21="","",$II21) -> 12 HumSS D | IU21: 11 STEM | IW21: =IF($IU21="","",$IU21) -> 11 STEM | IY21: =IF($IU21="","",$IU21) -> 11 STEM | JA21: =IF($IU21="","",$IU21) -> 11 STEM | JC21: =IF($IU21="","",$IU21) -> 11 STEM | JG21: 12 HumSS B | JI21: =IF($JG21="","",$JG21) -> 12 HumSS B | JK21: =IF($JG21="","",$JG21) -> 12 HumSS B | JM21: =IF($JG21="","",$JG21) -> 12 HumSS B | JO21: =IF($JG21="","",$JG21) -> 12 HumSS B | JS21: 11 Cookery | JU21: =IF($JS21="","",$JS21) -> 11 Cookery | JW21: =IF($JS21="","",$JS21) -> 11 Cookery | JY21: =IF($JS21="","",$JS21) -> 11 Cookery | KA21: =IF($JS21="","",$JS21) -> 11 Cookery | KE21: 11 humSS A | KG21: =IF($KE21="","",$KE21) -> 11 humSS A | KI21: =IF($KE21="","",$KE21) -> 11 humSS A | KK21: =IF($KE21="","",$KE21) -> 11 humSS A | KM21: =IF($KE21="","",$KE21) -> 11 humSS A | KQ21: 12 HumSS A | KS21: =IF($KQ21="","",$KQ21) -> 12 HumSS A | KU21: =IF($KQ21="","",$KQ21) -> 12 HumSS A | KW21: =IF($KQ21="","",$KQ21) -> 12 HumSS A | KY21: =IF($KQ21="","",$KQ21) -> 12 HumSS A | LE21: =IF($LC21="","",$LC21) | LG21: =IF($LC21="","",$LC21) | LI21: =IF($LC21="","",$LC21) | LK21: =IF($LC21="","",$LC21) | LQ21: =IF($LO21="","",$LO21) | LS21: =IF($LO21="","",$LO21) | LU21: =IF($LO21="","",$LO21) | LW21: =IF($LO21="","",$LO21) | MC21: =IF($MA21="","",$MA21) | ME21: =IF($MA21="","",$MA21) | MG21: =IF($MA21="","",$MA21) | MI21: =IF($MA21="","",$MA21) | MO21: =IF($MM21="","",$MM21) | MQ21: =IF($MM21="","",$MM21) | MS21: =IF($MM21="","",$MM21) | MU21: =IF($MM21="","",$MM21) | NA21: =IF($MY21="","",$MY21) | NC21: =IF($MY21="","",$MY21) | NE21: =IF($MY21="","",$MY21) | NG21: =IF($MY21="","",$MY21) | NM21: =IF($NK21="","",$NK21) | NO21: =IF($NK21="","",$NK21) | NQ21: =IF($NK21="","",$NK21) | NS21: =IF($NK21="","",$NK21) | NY21: =IF($NW21="","",$NW21) | OA21: =IF($NW21="","",$NW21) | OC21: =IF($NW21="","",$NW21) | OE21: =IF($NW21="","",$NW21) | OK21: =IF($OI21="","",$OI21) | OM21: =IF($OI21="","",$OI21) | OO21: =IF($OI21="","",$OI21) | OQ21: =IF($OI21="","",$OI21) | OW21: =IF($OU21="","",$OU21) | OY21: =IF($OU21="","",$OU21) | PA21: =IF($OU21="","",$OU21) | PC21: =IF($OU21="","",$OU21) | PI21: =IF($PG21="","",$PG21) | PK21: =IF($PG21="","",$PG21) | PM21: =IF($PG21="","",$PG21) | PO21: =IF($PG21="","",$PG21)
